,depot,pc_001,pc_002,pc_003,pc_004,pc_005,pc_006,pc_007,pc_008,pc_009,pc_010,pc_011,pc_012,pc_013,pc_014,pc_015,pc_016,pc_017,pc_018,pc_019,pc_020,pc_021,pc_022,pc_023,pc_024,pc_025,pc_026,pc_027,pc_028,pc_029,pc_030,pc_031,pc_032,pc_033,pc_034,pc_035,pc_036,pc_037,pc_038,pc_039,pc_040,pc_041,pc_042,pc_043,pc_044,pc_045,pc_046,pc_047,pc_048,pc_049,pc_050,pc_051,pc_052,pc_053,pc_054,pc_055,pc_056
depot,0.0,12.433333333333335,18.3,12.4,6.15,21.58333333333333,11.433333333333335,21.95,21.3,8.816666666666666,24.95,20.83333333333333,20.366666666666667,29.766666666666666,22.316666666666666,8.066666666666666,11.2,11.866666666666667,9.983333333333333,28.3,15.433333333333335,10.15,11.566666666666665,13.816666666666665,8.133333333333333,4.8,20.716666666666665,21.93333333333333,19.45,21.61666666666667,27.75,10.8,9.9,16.3,10.1,29.48333333333333,10.516666666666667,26.75,30.66666666666667,20.8,22.98333333333333,20.15,9.316666666666666,9.75,24.38333333333333,14.9,24.35,15.016666666666667,15.566666666666665,40.46666666666667,23.45,21.316666666666666,23.58333333333333,22.966666666666665,21.8,20.883333333333333,25.516666666666666
pc_001,11.483333333333333,0.0,22.95,1.4166666666666667,7.45,28.25,10.15,28.85,26.05,10.033333333333333,31.85,11.733333333333333,20.35,26.78333333333333,25.68333333333333,17.583333333333332,20.066666666666666,9.4,20.433333333333334,35.2,19.4,14.516666666666667,3.566666666666667,18.15,8.366666666666667,16.066666666666666,13.916666666666664,28.83333333333333,28.3,12.5,34.65,19.666666666666668,13.066666666666665,25.066666666666666,17.683333333333334,38.35,11.216666666666667,32.68333333333333,30.016666666666666,22.0,16.183333333333334,11.033333333333333,6.25,16.033333333333335,20.733333333333334,6.016666666666668,31.25,7.116666666666666,20.216666666666665,33.68333333333333,16.666666666666668,27.16666666666667,32.43333333333333,32.1,30.65,25.53333333333333,20.15
pc_002,19.2,24.25,0.0,24.23333333333333,20.983333333333334,29.216666666666665,25.41666666666667,29.58333333333333,13.816666666666665,16.783333333333335,32.583333333333336,32.833333333333336,28.0,35.55,29.95,17.583333333333332,20.05,26.23333333333333,16.733333333333334,35.93333333333333,23.05,22.5,23.63333333333333,21.45,19.966666666666665,17.35,32.55,29.566666666666666,28.28333333333333,30.35,35.38333333333333,19.216666666666665,22.25,17.333333333333332,18.683333333333334,38.333333333333336,24.48333333333333,33.86666666666667,36.45,28.43333333333333,34.8,32.75,21.15,18.33333333333333,32.016666666666666,27.266666666666666,31.98333333333333,26.85,4.483333333333333,52.3,35.28333333333333,28.95,25.15,23.4,30.63333333333333,12.883333333333333,33.15
pc_003,11.25,1.6833333333333331,22.7,0.0,7.35,27.1,9.0,27.7,25.816666666666666,9.8,30.68333333333333,10.583333333333334,19.2,25.63333333333333,24.516666666666666,17.516666666666666,19.966666666666665,8.25,20.08333333333333,34.05,18.25,14.416666666666664,3.466666666666667,17.0,8.116666666666667,16.333333333333332,12.516666666666667,27.68333333333333,28.2,11.35,33.5,19.566666666666666,12.966666666666667,24.816666666666666,17.583333333333332,38.23333333333333,10.066666666666666,31.53333333333333,28.86666666666667,20.85,14.766666666666667,9.883333333333333,6.0,15.916666666666664,19.58333333333333,4.866666666666666,30.1,5.966666666666668,19.983333333333334,32.266666666666666,15.25,26.016666666666666,32.333333333333336,31.86666666666667,30.55,25.3,19.0
pc_004,6.133333333333334,8.133333333333333,20.466666666666665,8.033333333333333,0.0,22.83333333333333,6.183333333333334,23.2,23.566666666666666,7.55,26.2,15.65,18.383333333333333,25.65,22.5,10.4,13.3,6.4833333333333325,13.666666666666664,29.55,16.216666666666665,7.15,6.2,14.966666666666667,5.066666666666666,9.283333333333333,19.466666666666665,23.18333333333333,21.53333333333333,16.416666666666668,29.0,12.9,6.9,19.4,10.233333333333333,31.58333333333333,6.666666666666668,26.83333333333333,26.83333333333333,18.816666666666666,21.716666666666665,14.95,7.183333333333334,8.583333333333334,22.11666666666667,9.516666666666667,25.6,11.766666666666667,17.733333333333334,39.21666666666667,22.2,23.98333333333333,25.66666666666667,26.73333333333333,23.88333333333333,23.05,23.23333333333333
pc_005,23.55,28.18333333333333,28.78333333333333,27.216666666666665,24.15,0.0,20.866666666666667,17.516666666666666,31.78333333333333,29.95,20.5,21.15,13.866666666666667,23.66666666666667,8.55,17.0,22.11666666666667,23.15,22.8,23.85,17.25,22.38333333333333,26.816666666666666,16.0,28.86666666666667,21.55,32.11666666666667,11.616666666666667,30.3,18.683333333333334,19.35,21.66666666666667,20.933333333333334,26.78333333333333,18.1,37.45,19.183333333333334,27.63333333333333,8.716666666666667,11.333333333333336,34.38333333333333,21.066666666666666,30.266666666666666,17.75,20.133333333333333,24.36666666666667,19.916666666666668,25.5,26.05,40.86666666666667,38.03333333333333,4.733333333333333,34.43333333333333,32.86666666666667,32.65,31.36666666666667,21.25
pc_006,13.25,10.1,25.7,9.133333333333333,7.833333333333332,20.983333333333334,0.0,21.58333333333333,28.7,15.05,24.566666666666666,12.416666666666664,14.283333333333333,20.35,18.4,11.85,19.1,5.066666666666666,19.466666666666665,27.91666666666667,12.133333333333333,7.966666666666668,8.733333333333333,10.866666666666667,12.566666666666665,15.083333333333336,18.33333333333333,21.55,27.33333333333333,13.183333333333335,27.38333333333333,18.7,6.516666666666668,23.716666666666665,11.683333333333335,37.38333333333333,3.95,25.4,22.75,14.716666666666667,20.58333333333333,11.716666666666667,13.966666666666667,10.033333333333333,16.816666666666666,6.283333333333332,23.98333333333333,8.533333333333333,22.98333333333333,33.9,21.066666666666666,19.883333333333333,31.466666666666665,29.78333333333333,29.68333333333333,28.3,17.933333333333334
pc_007,23.28333333333333,29.7,28.516666666666666,28.716666666666665,23.91666666666667,18.033333333333328,22.36666666666667,0.0,31.5,29.68333333333333,5.9,28.83333333333333,23.98333333333333,31.55,18.783333333333328,16.733333333333334,21.85,24.65,22.516666666666666,13.8,19.05,21.65,28.316666666666666,17.45,28.13333333333333,21.266666666666666,37.91666666666666,9.333333333333334,30.03333333333333,26.35,8.666666666666666,21.4,21.4,26.516666666666666,17.816666666666666,29.466666666666665,20.7,27.5,25.25,24.41666666666667,40.16666666666666,28.75,30.18333333333333,17.483333333333334,28.016666666666666,25.86666666666667,3.75,28.11666666666667,25.78333333333333,47.85,40.65,17.783333333333335,34.166666666666664,32.583333333333336,32.38333333333333,31.1,29.13333333333333
pc_008,20.866666666666667,26.216666666666665,12.7,26.18333333333333,22.95,30.88333333333333,27.08333333333333,31.266666666666666,0.0,18.75,34.25,34.516666666666666,29.66666666666667,37.23333333333333,31.63333333333333,19.266666666666666,21.73333333333333,28.2,18.416666666666668,37.61666666666667,24.73333333333333,24.18333333333333,25.6,23.13333333333333,21.93333333333333,19.016666666666666,34.516666666666666,31.25,29.966666666666665,32.03333333333333,37.06666666666667,20.9,23.93333333333333,19.016666666666666,20.35,40.0,26.15,35.53333333333333,38.13333333333333,30.1,36.766666666666666,33.93333333333333,23.11666666666667,20.016666666666666,33.7,29.216666666666665,33.666666666666664,28.816666666666666,9.966666666666667,54.26666666666666,37.25,30.63333333333333,26.83333333333333,25.08333333333333,32.31666666666667,15.283333333333333,34.81666666666667
pc_009,12.85,14.016666666666667,12.916666666666664,13.983333333333333,10.75,26.38333333333333,15.866666666666667,26.766666666666666,16.016666666666666,0.0,29.75,22.41666666666667,25.16666666666667,32.73333333333333,27.13333333333333,14.75,17.216666666666665,15.983333333333333,13.9,33.11666666666667,20.233333333333334,17.883333333333333,13.4,18.633333333333333,9.716666666666667,14.516666666666667,22.3,26.75,25.466666666666665,23.2,32.56666666666667,16.383333333333333,17.233333333333334,15.033333333333333,15.85,35.5,16.35,31.03333333333333,33.63333333333333,25.6,24.566666666666666,21.73333333333333,10.9,15.516666666666667,29.2,17.016666666666666,29.16666666666667,16.6,10.183333333333334,42.05,25.03333333333333,26.13333333333333,22.85,21.1,27.816666666666666,15.5,30.316666666666666
pc_010,26.16666666666667,32.583333333333336,31.38333333333333,31.6,26.8,20.916666666666668,25.25,6.133333333333334,34.38333333333333,32.56666666666667,0.0,31.716666666666665,26.86666666666667,34.43333333333333,21.65,19.6,24.73333333333333,27.53333333333333,25.4,11.283333333333333,21.93333333333333,24.53333333333333,31.2,20.33333333333333,31.016666666666666,24.15,40.8,14.4,32.916666666666664,29.23333333333333,13.733333333333333,24.28333333333333,24.28333333333333,29.4,20.7,26.83333333333333,23.566666666666666,30.38333333333333,28.516666666666666,27.3,43.05,31.63333333333333,33.06666666666667,20.366666666666667,30.9,28.75,8.983333333333333,31.0,28.66666666666667,50.73333333333333,43.53333333333333,20.666666666666668,37.05,35.46666666666667,35.266666666666666,33.98333333333333,32.016666666666666
pc_011,22.016666666666666,12.65,33.333333333333336,11.666666666666664,16.1,22.466666666666665,13.25,29.216666666666665,36.583333333333336,20.566666666666666,32.2,0.0,13.1,17.0,19.9,22.35,26.68333333333333,12.5,27.35,35.56666666666667,16.933333333333334,18.33333333333333,13.466666666666667,15.683333333333335,18.883333333333333,24.68333333333333,12.416666666666664,29.2,34.86666666666667,4.366666666666666,35.016666666666666,26.23333333333333,16.883333333333333,31.35,23.43333333333333,44.9,14.316666666666665,33.03333333333333,24.23333333333333,15.066666666666665,14.666666666666664,5.15,16.766666666666666,20.4,10.816666666666665,7.966666666666668,31.61666666666667,8.066666666666666,30.61666666666667,22.93333333333333,19.9,21.383333333333333,39.0,37.41666666666666,37.21666666666667,35.93333333333333,10.25
pc_012,21.95,20.633333333333333,27.066666666666666,19.65,17.55,14.1,14.283333333333333,22.95,30.066666666666666,24.766666666666666,25.93333333333333,12.616666666666667,0.0,12.816666666666665,11.533333333333333,16.066666666666666,20.4,15.583333333333336,21.08333333333333,29.28333333333333,8.25,15.8,19.25,9.416666666666666,22.28333333333333,19.83333333333333,21.433333333333334,22.6,28.6,10.133333333333333,28.75,19.95,14.35,25.08333333333333,17.166666666666668,38.63333333333333,12.6,22.78333333333333,15.866666666666667,3.9166666666666665,23.7,12.533333333333333,23.68333333333333,16.833333333333332,9.283333333333333,16.816666666666666,25.35,16.95,24.35,30.016666666666666,28.93333333333333,13.016666666666667,32.73333333333333,31.15,30.95,29.66666666666667,10.4
pc_013,28.93333333333333,26.33333333333333,34.166666666666664,25.36666666666667,24.65,23.38333333333333,19.716666666666665,30.03333333333333,37.16666666666666,31.86666666666667,33.03333333333333,16.966666666666665,11.933333333333335,0.0,20.816666666666666,23.16666666666667,27.5,21.233333333333334,28.18333333333333,36.38333333333333,17.766666666666666,22.88333333333333,24.88333333333333,16.516666666666666,29.36666666666667,26.93333333333333,21.66666666666667,30.016666666666666,35.68333333333333,14.933333333333335,35.833333333333336,27.05,21.433333333333334,32.18333333333333,24.266666666666666,45.73333333333333,19.7,33.86666666666667,25.15,13.9,23.93333333333333,17.333333333333332,30.766666666666666,23.91666666666667,5.9833333333333325,21.66666666666667,32.43333333333333,21.75,31.43333333333333,19.966666666666665,29.16666666666667,22.3,39.833333333333336,38.25,38.03333333333333,36.766666666666666,7.1
pc_014,24.38333333333333,25.766666666666666,29.6,24.78333333333333,21.716666666666665,8.25,18.433333333333334,18.33333333333333,32.6,28.93333333333333,21.316666666666666,18.733333333333334,11.433333333333335,21.233333333333334,0.0,17.833333333333332,22.95,20.716666666666665,23.61666666666667,24.68333333333333,14.816666666666665,19.95,24.38333333333333,13.566666666666665,26.43333333333333,22.36666666666667,29.68333333333333,15.433333333333335,31.13333333333333,16.25,23.18333333333333,22.5,18.5,27.61666666666667,18.916666666666668,38.266666666666666,16.766666666666666,28.466666666666665,12.916666666666664,8.9,31.95,18.633333333333333,27.83333333333333,18.58333333333333,17.7,21.93333333333333,20.733333333333334,23.066666666666666,26.88333333333333,38.43333333333333,35.6,5.333333333333333,35.266666666666666,33.68333333333333,33.48333333333333,32.2,18.816666666666666
pc_015,8.8,18.383333333333333,16.9,18.283333333333328,10.25,15.95,12.966666666666667,16.316666666666666,19.9,15.583333333333336,19.316666666666666,19.9,15.066666666666665,22.61666666666667,16.683333333333334,0.0,10.233333333333333,15.033333333333333,10.916666666666664,22.66666666666667,10.116666666666667,7.983333333333332,16.45,8.516666666666667,14.033333333333333,7.4,27.48333333333333,16.3,18.433333333333334,17.416666666666668,22.11666666666667,9.783333333333333,7.716666666666668,14.916666666666664,3.3,28.466666666666665,9.1,19.95,23.516666666666666,15.5,29.75,19.816666666666666,16.083333333333332,2.95,19.08333333333333,15.683333333333335,18.716666666666665,17.916666666666668,14.183333333333335,38.93333333333333,30.216666666666665,15.683333333333335,22.566666666666666,20.983333333333334,20.783333333333328,19.5,20.2
pc_016,12.066666666666665,21.35,18.6,21.25,14.016666666666667,22.68333333333333,17.683333333333334,23.066666666666666,21.6,18.466666666666665,26.05,26.316666666666666,21.466666666666665,29.03333333333333,23.43333333333333,10.933333333333335,0.0,19.35,8.983333333333333,29.41666666666667,16.533333333333335,16.383333333333333,19.416666666666668,14.933333333333335,16.916666666666668,10.05,30.36666666666667,23.05,15.966666666666667,23.83333333333333,28.86666666666667,7.316666666666666,16.133333333333333,16.616666666666667,12.033333333333333,25.55,16.75,27.61666666666667,29.93333333333333,21.91666666666667,32.63333333333333,26.23333333333333,18.983333333333334,11.7,25.5,22.38333333333333,25.466666666666665,24.66666666666667,15.883333333333333,45.33333333333334,33.1,22.43333333333333,20.1,22.68333333333333,18.316666666666666,21.2,26.61666666666667
pc_017,11.2,9.233333333333333,25.9,8.25,5.783333333333332,23.216666666666665,5.116666666666666,23.816666666666666,29.016666666666666,13.0,26.8,11.533333333333333,15.3,21.75,20.633333333333333,14.083333333333336,18.366666666666667,0.0,18.733333333333334,30.15,14.35,9.883333333333333,5.833333333333332,13.1,10.5,14.35,17.45,23.78333333333333,26.6,12.3,29.6,17.966666666666665,8.433333333333334,24.466666666666665,13.916666666666664,36.65,6.183333333333334,27.63333333333333,24.966666666666665,16.95,19.716666666666665,10.833333333333336,11.9,12.266666666666667,18.216666666666665,5.416666666666668,26.216666666666665,7.65,23.18333333333333,33.016666666666666,20.183333333333334,22.11666666666667,30.73333333333333,31.8,28.95,28.5,19.33333333333333
pc_018,10.35,21.116666666666667,15.7,21.08333333333333,13.766666666666667,22.016666666666666,17.433333333333334,22.38333333333333,18.7,17.5,25.38333333333333,25.63333333333333,20.8,28.35,22.75,10.383333333333333,8.916666666666666,19.1,0.0,28.73333333333333,15.866666666666667,15.3,19.166666666666668,14.25,16.816666666666666,7.716666666666668,29.4,22.36666666666667,13.783333333333333,23.15,28.18333333333333,4.2,15.05,13.283333333333333,11.483333333333333,23.83333333333333,16.5,26.66666666666667,29.25,21.233333333333334,31.66666666666667,25.55,18.0,11.133333333333333,24.816666666666666,22.13333333333333,24.78333333333333,23.7,12.983333333333333,44.66666666666666,32.13333333333333,21.75,17.916666666666668,17.883333333333333,16.133333333333333,18.3,25.95
pc_019,28.73333333333333,35.15,33.96666666666667,34.166666666666664,29.38333333333333,23.5,27.83333333333333,13.466666666666667,36.96666666666667,35.13333333333333,10.65,34.28333333333333,29.45,37.0,24.23333333333333,22.18333333333333,27.3,30.11666666666667,27.98333333333333,0.0,24.516666666666666,27.1,33.78333333333333,22.9,33.583333333333336,26.73333333333333,43.36666666666667,20.15,33.1,31.8,21.066666666666666,26.85,26.85,31.98333333333333,23.28333333333333,18.633333333333333,26.15,28.11666666666667,31.08333333333333,29.88333333333333,45.63333333333333,34.2,35.65,22.93333333333333,33.46666666666667,31.33333333333333,16.316666666666666,33.56666666666667,31.23333333333333,53.31666666666667,46.11666666666667,23.23333333333333,36.4,38.05,31.55,36.56666666666667,34.6
pc_020,16.866666666666667,19.916666666666668,22.1,18.933333333333334,15.866666666666667,17.166666666666668,12.6,17.966666666666665,25.1,23.08333333333333,20.95,15.316666666666665,8.633333333333333,18.033333333333328,14.583333333333336,11.1,15.433333333333335,14.883333333333333,16.116666666666667,24.316666666666666,0.0,14.7,18.533333333333328,3.4833333333333334,20.58333333333333,14.85,26.266666666666666,17.95,23.61666666666667,12.833333333333336,23.766666666666666,14.983333333333333,13.25,20.1,12.2,33.666666666666664,11.5,20.2,18.916666666666668,7.333333333333332,28.53333333333333,15.233333333333333,21.98333333333333,11.85,14.5,16.1,20.366666666666667,17.916666666666668,19.366666666666667,34.35,30.466666666666665,16.066666666666666,27.75,26.18333333333333,25.966666666666665,24.68333333333333,15.616666666666667
pc_021,10.283333333333333,14.95,21.516666666666666,14.85,7.216666666666668,20.55,7.866666666666666,20.933333333333334,24.516666666666666,14.766666666666667,23.91666666666667,17.983333333333334,16.083333333333332,23.63333333333333,20.2,8.133333333333333,15.733333333333333,9.933333333333334,16.1,27.28333333333333,14.5,0.0,12.0,13.25,12.266666666666667,11.733333333333333,23.9,20.916666666666668,23.966666666666665,18.433333333333334,26.73333333333333,15.333333333333336,2.183333333333333,19.516666666666666,7.966666666666668,34.016666666666666,5.3,24.566666666666666,24.53333333333333,16.516666666666666,26.16666666666667,17.3,14.133333333333333,6.3,20.1,11.866666666666667,23.33333333333333,14.1,18.783333333333328,39.95,26.65,20.3,28.1,25.6,26.316666666666666,24.1,21.233333333333334
pc_022,9.95,3.316666666666667,23.66666666666667,3.45,4.5,26.8,8.733333333333333,27.4,26.766666666666666,10.75,30.4,12.35,18.9,25.33333333333333,24.23333333333333,14.633333333333333,17.116666666666667,5.966666666666668,17.483333333333334,33.75,17.95,11.566666666666665,0.0,16.7,7.283333333333332,13.116666666666667,15.316666666666665,27.38333333333333,25.35,13.116666666666667,33.2,16.716666666666665,10.116666666666667,23.23333333333333,14.733333333333333,35.4,9.233333333333333,31.23333333333333,28.566666666666666,20.55,17.583333333333332,11.65,7.483333333333332,13.083333333333336,21.35,6.633333333333334,29.8,7.733333333333332,20.933333333333334,33.833333333333336,18.05,25.716666666666665,29.48333333333333,30.566666666666666,27.7,26.25,20.766666666666666
pc_023,15.45,18.6,20.683333333333334,17.633333333333333,14.566666666666665,16.333333333333332,11.283333333333333,16.55,23.68333333333333,21.78333333333333,19.533333333333328,14.466666666666667,9.633333333333333,17.183333333333334,13.75,9.683333333333334,14.016666666666667,13.566666666666665,14.7,22.9,3.533333333333333,13.383333333333333,17.233333333333334,0.0,19.283333333333328,13.433333333333335,25.43333333333333,16.533333333333335,22.2,12.0,22.35,13.566666666666665,11.933333333333335,18.683333333333334,10.783333333333333,32.25,10.183333333333334,18.783333333333328,18.08333333333333,8.85,27.7,14.383333333333333,20.683333333333334,10.433333333333334,13.65,14.783333333333333,18.95,16.616666666666667,17.95,33.5,29.15,15.233333333333333,26.33333333333333,24.766666666666666,24.55,23.266666666666666,14.783333333333333
pc_024,6.283333333333332,9.1,18.766666666666666,9.0,3.9,25.13333333333333,9.016666666666667,25.516666666666666,21.86666666666667,5.85,28.5,17.883333333333333,21.216666666666665,28.48333333333333,25.33333333333333,12.266666666666667,14.766666666666667,9.15,15.116666666666667,31.85,19.05,11.05,7.15,17.8,0.0,10.75,17.766666666666666,25.48333333333333,23.0,18.65,31.316666666666666,14.366666666666667,10.4,20.883333333333333,14.316666666666665,33.03333333333333,9.5,29.78333333333333,29.66666666666667,21.65,20.016666666666666,17.183333333333334,6.366666666666666,12.483333333333333,24.95,12.216666666666667,27.91666666666667,12.066666666666665,16.033333333333335,37.516666666666666,20.5,24.88333333333333,27.13333333333333,26.9,25.35,21.35,26.066666666666666
pc_025,5.016666666666667,16.6,16.483333333333334,16.5,9.266666666666667,19.9,12.933333333333335,20.283333333333328,19.483333333333334,13.583333333333336,23.266666666666666,23.516666666666666,18.683333333333334,26.23333333333333,20.633333333333333,7.333333333333332,9.516666666666667,14.6,7.683333333333334,26.61666666666667,13.75,11.65,14.683333333333335,12.15,12.166666666666664,0.0,25.5,20.25,17.766666666666666,21.033333333333328,26.08333333333333,9.116666666666667,11.383333333333333,14.483333333333333,9.366666666666667,27.8,12.0,24.55,27.13333333333333,19.116666666666667,27.75,23.43333333333333,14.1,9.016666666666667,22.7,17.633333333333333,22.68333333333333,19.8,13.75,45.25,28.23333333333333,19.633333333333333,21.9,21.15,20.116666666666667,19.066666666666666,23.83333333333333
pc_026,20.8,13.783333333333333,32.25,12.216666666666667,18.7,32.43333333333333,18.133333333333333,36.833333333333336,35.35,19.33333333333333,39.81666666666667,12.833333333333336,21.4,22.08333333333333,30.266666666666666,27.066666666666666,29.55,17.383333333333333,29.63333333333333,43.18333333333333,27.216666666666665,23.216666666666665,15.433333333333335,25.966666666666665,17.666666666666668,25.88333333333333,0.0,36.81666666666667,37.78333333333333,14.316666666666665,42.63333333333333,29.15,21.766666666666666,34.36666666666667,26.95,47.83333333333334,19.2,40.66666666666666,34.61666666666667,23.36666666666667,3.466666666666667,15.116666666666667,15.55,25.28333333333333,15.9,12.85,39.23333333333333,9.616666666666667,29.516666666666666,23.03333333333333,9.7,31.75,41.91666666666666,41.4,40.13333333333333,34.85,15.333333333333336
pc_027,22.466666666666665,28.88333333333333,27.7,27.9,23.11666666666667,11.166666666666664,21.566666666666666,9.316666666666666,30.7,28.86666666666667,13.85,28.016666666666666,22.11666666666667,30.73333333333333,15.383333333333333,15.916666666666664,21.033333333333328,23.85,21.716666666666665,21.75,18.25,20.83333333333333,27.516666666666666,16.633333333333333,27.316666666666666,20.466666666666665,37.1,0.0,29.23333333333333,25.53333333333333,7.733333333333332,20.58333333333333,20.58333333333333,25.716666666666665,17.016666666666666,34.31666666666667,19.883333333333333,24.65,15.916666666666664,19.58333333333333,39.36666666666667,27.93333333333333,29.38333333333333,16.666666666666668,27.2,25.066666666666666,10.533333333333333,27.3,24.98333333333333,47.05,39.85,12.35,33.36666666666667,31.78333333333333,31.58333333333333,30.3,28.33333333333333
pc_028,19.25,28.516666666666666,25.78333333333333,28.43333333333333,21.183333333333334,29.86666666666667,24.85,30.25,28.78333333333333,25.63333333333333,33.23333333333333,33.5,28.65,36.2,30.6,18.233333333333334,15.466666666666667,26.53333333333333,13.1,32.53333333333333,23.716666666666665,23.566666666666666,26.6,22.11666666666667,24.1,17.233333333333334,37.55,30.216666666666665,0.0,31.016666666666666,36.05,11.433333333333335,23.316666666666666,19.533333333333328,19.33333333333333,16.466666666666665,23.93333333333333,34.516666666666666,37.1,29.08333333333333,39.81666666666667,33.4,26.15,18.983333333333334,32.666666666666664,29.566666666666666,32.65,31.85,23.05,52.51666666666666,40.28333333333333,29.61666666666667,17.633333333333333,23.61666666666667,6.2,28.36666666666667,33.8
pc_029,22.0,12.633333333333333,29.83333333333333,11.65,16.083333333333332,18.966666666666665,13.233333333333333,25.7,32.833333333333336,20.533333333333328,28.7,3.7,9.6,15.25,16.383333333333333,18.83333333333333,23.16666666666667,12.483333333333333,23.85,32.05,13.433333333333335,18.316666666666666,13.45,12.183333333333335,18.866666666666667,22.6,14.666666666666664,25.68333333333333,31.35,0.0,31.5,22.716666666666665,16.866666666666667,27.83333333333333,19.933333333333334,41.4,14.3,29.53333333333333,20.733333333333334,11.566666666666665,16.916666666666668,3.616666666666666,16.75,19.58333333333333,9.083333333333334,7.95,28.1,8.05,27.1,25.18333333333333,20.58333333333333,17.866666666666667,35.48333333333333,33.916666666666664,33.7,32.416666666666664,8.5
pc_030,29.03333333333333,35.45,34.25,34.46666666666667,29.66666666666667,18.83333333333333,28.11666666666667,8.533333333333333,37.25,35.43333333333333,13.066666666666665,34.583333333333336,29.8,37.3,23.066666666666666,22.48333333333333,27.6,30.4,28.266666666666666,20.966666666666665,24.8,27.4,34.06666666666667,23.2,33.88333333333333,27.016666666666666,43.66666666666666,7.666666666666668,35.78333333333333,32.1,0.0,27.15,27.15,32.266666666666666,23.566666666666666,35.4,26.45,31.78333333333333,23.6,27.266666666666666,45.91666666666666,34.5,35.93333333333333,23.23333333333333,33.766666666666666,31.61666666666667,7.116666666666666,33.86666666666667,31.53333333333333,53.6,46.4,20.033333333333328,39.91666666666666,38.333333333333336,38.13333333333333,36.85,34.88333333333333
pc_031,10.966666666666667,20.25,17.516666666666666,20.15,12.916666666666664,21.6,16.583333333333332,21.966666666666665,20.5,17.366666666666667,24.966666666666665,25.216666666666665,20.383333333333333,27.93333333333333,22.33333333333333,9.966666666666667,7.2,18.25,4.083333333333333,28.316666666666666,15.45,15.3,18.33333333333333,13.833333333333336,15.816666666666665,8.966666666666667,29.28333333333333,21.95,12.066666666666665,22.73333333333333,27.766666666666666,0.0,15.033333333333333,15.266666666666667,11.066666666666665,22.11666666666667,15.65,26.25,28.83333333333333,20.816666666666666,31.53333333333333,25.13333333333333,17.883333333333333,10.716666666666667,24.4,21.3,24.36666666666667,23.58333333333333,14.783333333333333,44.25,32.016666666666666,21.33333333333333,16.2,18.283333333333328,14.416666666666664,20.1,25.53333333333333
pc_032,9.983333333333333,13.566666666666665,21.2,13.466666666666667,6.616666666666666,20.25,6.4833333333333325,20.616666666666667,24.2,13.833333333333336,23.61666666666667,16.6,14.683333333333335,22.25,18.8,7.816666666666666,15.416666666666664,8.55,15.783333333333333,26.966666666666665,13.116666666666667,2.2333333333333334,10.616666666666667,11.866666666666667,11.35,11.416666666666664,22.516666666666666,20.6,23.66666666666667,17.05,26.41666666666667,15.016666666666667,0.0,19.216666666666665,7.65,33.7,3.9,24.25,23.15,15.133333333333333,24.78333333333333,15.9,12.75,6.0,18.716666666666665,10.483333333333333,23.016666666666666,12.716666666666667,18.483333333333334,38.56666666666667,25.25,20.3,27.8,25.28333333333333,26.016666666666666,23.8,19.83333333333333
pc_033,16.783333333333335,25.16666666666667,15.883333333333333,25.15,19.33333333333333,26.8,23.0,27.18333333333333,18.883333333333333,17.7,30.16666666666667,30.41666666666667,25.58333333333333,33.13333333333333,27.53333333333333,15.166666666666664,17.633333333333333,24.66666666666667,13.283333333333333,33.516666666666666,20.65,20.08333333333333,24.73333333333333,19.05,20.883333333333333,14.933333333333335,33.46666666666667,27.15,19.9,27.93333333333333,32.98333333333333,16.65,19.83333333333333,0.0,16.266666666666666,29.2,22.066666666666666,31.45,34.03333333333333,26.016666666666666,35.71666666666667,30.33333333333333,22.066666666666666,15.916666666666664,29.6,27.466666666666665,29.58333333333333,27.766666666666666,13.166666666666664,49.45,36.2,26.53333333333333,12.333333333333336,12.433333333333335,22.25,18.483333333333334,30.73333333333333
pc_034,10.45,18.483333333333334,17.666666666666668,18.4,10.366666666666667,16.7,13.083333333333336,17.083333333333332,20.666666666666668,17.233333333333334,20.066666666666666,20.666666666666668,15.816666666666665,23.36666666666667,17.433333333333334,3.0166666666666666,11.0,15.15,11.683333333333335,23.41666666666667,10.883333333333333,8.083333333333334,16.566666666666666,9.283333333333333,15.416666666666664,9.05,29.15,17.05,19.183333333333334,18.183333333333334,22.88333333333333,10.55,7.833333333333332,15.666666666666664,0.0,29.23333333333333,9.2,20.716666666666665,24.28333333333333,16.25,31.4,20.58333333333333,17.55,2.95,19.85,15.766666666666667,19.483333333333334,18.0,14.933333333333335,39.68333333333333,31.88333333333333,16.45,23.316666666666666,21.75,21.53333333333333,20.25,20.966666666666665
pc_035,29.15,38.43333333333333,35.68333333333333,38.333333333333336,31.08333333333333,37.71666666666667,34.75,28.55,38.68333333333333,35.55,25.73333333333333,43.4,38.55,46.1,38.45,28.13333333333333,24.61666666666667,36.43333333333333,23.0,18.433333333333334,33.61666666666667,33.46666666666667,36.5,32.016666666666666,34.0,27.13333333333333,47.45,34.36666666666667,16.2,40.91666666666666,36.13333333333333,21.33333333333333,33.21666666666667,28.18333333333333,29.23333333333333,0.0,33.833333333333336,36.56666666666667,45.3,38.98333333333333,49.71666666666667,43.31666666666667,36.05,28.9,42.56666666666667,39.46666666666667,31.4,41.75,32.95,62.41666666666666,50.18333333333333,37.45,26.28333333333333,32.28333333333333,12.916666666666664,38.266666666666666,43.7
pc_036,10.216666666666667,12.466666666666667,22.6,10.666666666666666,5.516666666666668,19.366666666666667,3.583333333333333,19.966666666666665,25.6,12.733333333333333,22.95,13.95,12.666666666666664,20.233333333333334,16.783333333333335,9.216666666666667,15.666666666666664,7.45,16.033333333333335,26.316666666666666,11.1,5.316666666666666,9.516666666666667,9.85,10.233333333333333,11.65,19.866666666666667,19.95,23.9,15.033333333333333,25.766666666666666,15.266666666666667,3.866666666666666,20.616666666666667,9.05,33.93333333333333,0.0,23.8,21.133333333333333,13.116666666666667,22.13333333333333,13.25,11.633333333333333,7.383333333333334,16.7,7.816666666666666,22.36666666666667,10.066666666666666,19.866666666666667,36.53333333333333,22.6,18.283333333333328,28.03333333333333,26.68333333333333,26.25,25.2,17.816666666666666
pc_037,26.966666666666665,34.016666666666666,31.766666666666666,33.03333333333333,26.716666666666665,27.5,26.7,27.55,34.766666666666666,32.93333333333333,30.53333333333333,31.78333333333333,22.55,34.5,28.23333333333333,19.516666666666666,25.1,28.98333333333333,25.78333333333333,29.08333333333333,19.85,24.45,32.63333333333333,18.8,31.38333333333333,25.55,42.75,24.966666666666665,33.3,29.3,32.15,24.65,24.18333333333333,29.78333333333333,20.616666666666667,37.31666666666667,25.016666666666666,0.0,34.15,21.283333333333328,45.0,31.7,33.9,20.266666666666666,30.966666666666665,30.2,29.95,32.43333333333333,29.05,50.81666666666667,44.96666666666667,27.23333333333333,37.43333333333333,35.85,35.65,34.36666666666667,32.083333333333336
pc_038,29.38333333333333,30.35,34.61666666666667,29.36666666666667,26.3,7.783333333333332,23.03333333333333,23.38333333333333,37.61666666666667,33.516666666666666,26.33333333333333,23.316666666666666,16.016666666666666,25.816666666666666,12.583333333333336,22.83333333333333,27.95,25.316666666666666,28.63333333333333,29.68333333333333,19.416666666666668,24.53333333333333,28.966666666666665,18.166666666666668,31.016666666666666,27.36666666666667,34.266666666666666,14.066666666666665,36.13333333333333,20.83333333333333,21.8,27.5,23.08333333333333,32.61666666666667,23.93333333333333,43.26666666666666,21.35,33.46666666666667,0.0,13.483333333333333,36.53333333333333,23.23333333333333,32.416666666666664,23.58333333333333,22.28333333333333,26.53333333333333,24.6,27.65,31.88333333333333,43.01666666666666,40.18333333333333,9.633333333333333,40.266666666666666,38.7,38.48333333333333,37.2,23.41666666666667
pc_039,22.63333333333333,22.28333333333333,27.15,21.3,18.233333333333334,12.033333333333333,14.966666666666667,23.016666666666666,30.15,25.45,26.016666666666666,14.5,4.233333333333333,14.7,9.466666666666667,16.15,20.483333333333334,17.25,21.166666666666668,29.36666666666667,6.866666666666666,16.466666666666665,20.9,8.533333333333333,22.95,19.9,23.316666666666666,20.533333333333328,28.66666666666667,12.033333333333333,28.266666666666666,20.033333333333328,15.033333333333333,25.15,17.25,38.71666666666667,13.283333333333333,21.466666666666665,13.8,0.0,25.58333333333333,14.416666666666664,24.35,16.9,11.166666666666664,18.466666666666665,25.41666666666667,18.85,24.41666666666667,31.9,30.816666666666666,10.95,32.8,31.23333333333333,31.016666666666666,29.73333333333333,12.3
pc_040,23.11666666666667,16.1,34.56666666666667,14.533333333333333,21.016666666666666,34.75,20.45,39.15,37.66666666666666,21.65,42.13333333333333,15.15,23.716666666666665,24.4,32.583333333333336,29.38333333333333,31.86666666666667,19.7,31.95,45.5,29.53333333333333,25.53333333333333,17.75,28.28333333333333,19.983333333333334,28.2,3.5,39.13333333333333,40.1,16.633333333333333,44.95,31.466666666666665,24.08333333333333,36.68333333333333,29.266666666666666,50.15,21.516666666666666,42.98333333333333,36.93333333333333,25.68333333333333,0.0,17.433333333333334,17.866666666666667,27.6,18.216666666666665,15.166666666666664,41.55,11.933333333333335,31.83333333333333,25.35,7.683333333333334,34.06666666666667,44.23333333333333,42.75,42.45,37.16666666666666,17.65
pc_041,19.483333333333334,10.616666666666667,31.43333333333333,9.633333333333333,14.066666666666665,21.55,11.216666666666667,28.3,34.55,18.533333333333328,31.28333333333333,3.8833333333333333,12.183333333333335,17.833333333333332,18.966666666666665,21.416666666666668,25.75,10.466666666666667,26.43333333333333,34.63333333333333,16.016666666666666,16.3,11.433333333333335,14.766666666666667,16.85,22.65,14.85,28.266666666666666,33.95,3.433333333333333,34.083333333333336,25.3,14.85,30.43333333333333,20.033333333333328,43.98333333333333,12.283333333333333,32.11666666666667,23.316666666666666,14.15,17.1,0.0,14.733333333333333,18.366666666666667,11.666666666666664,5.933333333333334,30.7,6.033333333333332,28.716666666666665,25.36666666666667,18.566666666666666,20.466666666666665,38.083333333333336,36.5,36.3,34.03333333333333,11.083333333333336
pc_042,8.9,7.25,20.35,7.15,6.8,28.03333333333333,11.233333333333333,28.4,23.45,7.433333333333334,31.38333333333333,15.616666666666667,23.43333333333333,30.7,27.55,15.166666666666664,17.65,10.25,17.733333333333334,34.75,21.266666666666666,14.066666666666665,5.316666666666666,20.016666666666666,5.766666666666668,13.983333333333333,15.5,28.38333333333333,25.88333333333333,16.383333333333333,34.2,17.25,12.616666666666667,22.466666666666665,17.2,35.93333333333333,11.716666666666667,32.666666666666664,31.88333333333333,23.86666666666667,17.766666666666666,14.916666666666664,0.0,15.366666666666667,24.61666666666667,10.216666666666667,30.8,9.8,17.616666666666667,35.25,18.233333333333334,29.03333333333333,30.016666666666666,29.5,28.23333333333333,22.93333333333333,24.03333333333333
pc_043,10.55,16.766666666666666,17.75,16.666666666666668,8.633333333333333,16.783333333333335,11.35,17.166666666666668,20.75,16.183333333333334,20.15,20.516666666666666,15.9,23.466666666666665,17.533333333333335,3.1,11.083333333333336,13.416666666666664,11.766666666666667,23.516666666666666,10.966666666666667,6.35,14.833333333333336,9.366666666666667,13.683333333333335,9.133333333333333,28.08333333333333,17.15,19.266666666666666,18.266666666666666,22.966666666666665,10.633333333333333,6.1,15.75,2.9833333333333334,29.316666666666666,7.466666666666668,20.8,24.36666666666667,16.333333333333332,30.35,20.666666666666668,15.816666666666665,0.0,19.933333333333334,14.033333333333333,19.566666666666666,16.266666666666666,15.016666666666667,39.766666666666666,30.83333333333333,16.533333333333335,23.4,21.83333333333333,21.61666666666667,20.33333333333333,21.05
pc_044,25.766666666666666,20.35,31.0,19.383333333333333,21.48333333333333,20.216666666666665,16.55,26.88333333333333,34.0,28.7,29.86666666666667,10.983333333333333,8.766666666666667,6.166666666666668,17.65,20.0,24.33333333333333,18.066666666666666,25.016666666666666,33.21666666666667,14.6,19.716666666666665,21.183333333333334,13.35,26.2,23.766666666666666,15.683333333333335,26.85,32.53333333333333,8.95,32.666666666666664,23.88333333333333,18.283333333333328,29.016666666666666,21.1,42.56666666666667,16.533333333333335,30.7,21.98333333333333,10.75,17.95,11.35,24.48333333333333,20.75,0.0,15.683333333333335,29.28333333333333,15.766666666666667,28.28333333333333,23.36666666666667,23.18333333333333,19.133333333333333,36.66666666666666,35.083333333333336,34.88333333333333,33.6,1.1166666666666667
pc_045,14.633333333333333,5.75,26.86666666666667,4.766666666666667,9.216666666666667,24.466666666666665,6.366666666666666,25.066666666666666,29.966666666666665,13.983333333333333,28.05,7.833333333333332,16.55,23.0,21.88333333333333,15.333333333333336,21.8,5.616666666666666,22.16666666666667,31.4,15.6,11.45,6.566666666666666,14.35,12.316666666666665,17.8,13.033333333333333,25.03333333333333,30.03333333333333,8.616666666666667,30.85,21.4,10.0,27.2,15.183333333333335,40.083333333333336,7.433333333333334,28.88333333333333,26.216666666666665,18.2,15.283333333333333,7.15,10.166666666666666,13.516666666666667,16.833333333333332,0.0,27.466666666666665,3.2333333333333334,24.13333333333333,29.33333333333333,15.766666666666667,23.36666666666667,34.166666666666664,33.266666666666666,32.38333333333333,29.45,16.266666666666666
pc_046,25.78333333333333,32.2,31.016666666666666,31.216666666666665,26.41666666666667,20.533333333333328,24.86666666666667,3.733333333333333,34.0,32.18333333333333,8.666666666666666,31.33333333333333,26.48333333333333,34.05,21.283333333333328,19.233333333333334,24.35,27.15,25.016666666666666,16.566666666666666,21.55,24.15,30.816666666666666,19.95,30.63333333333333,23.766666666666666,40.41666666666666,10.566666666666666,32.53333333333333,28.85,6.966666666666668,23.9,23.9,29.016666666666666,20.316666666666666,32.15,23.2,30.0,26.5,26.91666666666667,42.66666666666666,31.25,32.68333333333333,19.983333333333334,30.516666666666666,28.36666666666667,0.0,30.61666666666667,28.28333333333333,50.35,43.15,20.283333333333328,36.66666666666666,35.083333333333336,34.88333333333333,33.6,31.63333333333333
pc_047,15.283333333333333,7.25,26.75,6.266666666666668,11.616666666666667,25.85,8.766666666666667,27.466666666666665,29.85,13.833333333333336,30.45,6.966666666666668,16.466666666666665,22.13333333333333,23.266666666666666,17.75,24.05,8.016666666666667,24.13333333333333,33.8,18.016666666666666,13.85,8.066666666666666,16.766666666666666,12.166666666666664,20.383333333333333,10.033333333333333,27.43333333333333,32.28333333333333,7.733333333333332,33.266666666666666,23.65,12.4,28.86666666666667,17.583333333333332,42.333333333333336,9.833333333333334,31.28333333333333,27.61666666666667,18.45,12.283333333333333,6.266666666666668,10.05,15.916666666666664,15.966666666666667,3.4833333333333334,29.86666666666667,0.0,24.016666666666666,28.45,12.766666666666667,24.75,36.41666666666666,34.93333333333333,34.63333333333333,29.33333333333333,15.383333333333333
pc_048,14.716666666666667,19.766666666666666,8.316666666666666,19.75,16.5,24.73333333333333,20.933333333333334,25.11666666666667,9.333333333333334,12.316666666666665,28.1,28.35,23.516666666666666,31.066666666666666,25.466666666666665,13.1,15.566666666666665,21.75,12.25,31.45,18.58333333333333,18.016666666666666,19.15,16.983333333333334,15.483333333333333,12.866666666666667,28.066666666666666,25.08333333333333,23.8,25.88333333333333,30.91666666666667,14.733333333333333,17.766666666666666,12.85,14.2,33.85,20.0,29.38333333333333,31.966666666666665,23.95,30.33333333333333,28.266666666666666,16.666666666666668,13.85,27.53333333333333,22.78333333333333,27.516666666666666,22.36666666666667,0.0,47.81666666666667,30.8,24.466666666666665,20.683333333333334,18.933333333333334,26.15,10.916666666666664,28.66666666666667
pc_049,41.4,34.38333333333333,52.88333333333333,32.81666666666667,39.3,42.1,34.7,48.75,55.95,39.93333333333333,51.75,24.33333333333333,30.65,20.8,39.53333333333333,41.88333333333333,46.21666666666667,33.95,46.9,55.1,36.48333333333333,41.6,34.93333333333333,35.23333333333333,38.266666666666666,46.48333333333333,23.95,48.73333333333333,54.4,25.816666666666666,54.55,45.76666666666666,40.15,50.88333333333333,42.98333333333333,64.45,35.766666666666666,52.58333333333334,43.86666666666667,32.61666666666667,26.216666666666665,26.61666666666667,36.15,42.63333333333333,24.7,29.41666666666667,51.15,29.516666666666666,50.15,0.0,31.45,41.016666666666666,58.53333333333333,56.96666666666667,56.75,55.46666666666667,24.88333333333333
pc_050,23.316666666666666,16.3,34.766666666666666,14.733333333333333,21.216666666666665,37.73333333333333,20.65,39.35,37.86666666666667,21.85,42.333333333333336,18.85,28.5,29.18333333333333,35.15,29.58333333333333,32.06666666666667,19.9,32.15,45.7,29.9,25.73333333333333,17.95,28.65,20.183333333333334,28.4,9.266666666666667,39.333333333333336,40.3,19.616666666666667,45.15,31.66666666666667,24.28333333333333,36.88333333333333,29.466666666666665,50.35,21.716666666666665,43.18333333333333,41.71666666666667,30.48333333333333,7.733333333333332,18.15,18.066666666666666,27.8,23.016666666666666,15.366666666666667,41.75,12.133333333333333,32.03333333333333,30.13333333333333,0.0,36.65,44.43333333333333,42.95,42.65,37.35,22.43333333333333
pc_051,23.3,27.16666666666667,28.53333333333333,26.18333333333333,23.11666666666667,4.566666666666666,19.85,17.266666666666666,31.53333333333333,29.7,20.25,20.133333333333333,12.833333333333336,22.63333333333333,5.416666666666668,16.75,21.86666666666667,22.13333333333333,22.55,23.6,16.233333333333334,21.35,25.78333333333333,14.983333333333333,27.83333333333333,21.283333333333328,31.08333333333333,12.833333333333336,30.05,17.65,20.566666666666666,21.416666666666668,19.916666666666668,26.53333333333333,17.85,37.2,18.166666666666668,27.38333333333333,11.383333333333333,10.3,33.35,20.05,29.23333333333333,17.5,19.1,23.35,19.65,24.466666666666665,25.8,39.833333333333336,37.0,0.0,34.18333333333333,32.61666666666667,32.4,31.11666666666667,20.233333333333334
pc_052,24.93333333333333,34.21666666666667,23.18333333333333,34.11666666666667,26.88333333333333,35.56666666666667,30.55,34.48333333333333,26.18333333333333,25.016666666666666,37.46666666666667,39.18333333333333,34.35,41.9,36.3,23.93333333333333,21.166666666666668,32.21666666666667,18.783333333333328,37.4,29.4,29.25,32.3,27.8,29.78333333333333,22.93333333333333,43.23333333333333,35.916666666666664,18.95,36.7,40.28333333333333,15.7,29.0,11.85,25.03333333333333,28.25,29.61666666666667,40.21666666666667,42.8,34.78333333333333,45.5,39.1,31.85,24.68333333333333,38.36666666666667,35.25,36.88333333333333,37.53333333333333,20.466666666666665,56.75,45.98333333333333,35.3,0.0,15.933333333333335,21.3,25.78333333333333,39.48333333333333
pc_053,22.38333333333333,32.43333333333333,22.23333333333333,32.4,26.16666666666667,33.166666666666664,29.35,33.53333333333333,25.216666666666665,24.05,36.53333333333333,36.78333333333333,31.93333333333333,39.5,33.9,21.53333333333333,24.0,31.03333333333333,17.683333333333334,39.88333333333333,27.0,26.45,31.566666666666666,25.4,28.13333333333333,20.533333333333328,40.71666666666667,33.516666666666666,23.716666666666665,34.3,39.333333333333336,18.433333333333334,26.2,12.5,22.63333333333333,33.016666666666666,28.43333333333333,37.81666666666667,40.4,32.38333333333333,42.98333333333333,36.7,29.33333333333333,22.28333333333333,35.96666666666667,33.833333333333336,35.93333333333333,35.016666666666666,19.5,55.81666666666667,43.46666666666667,32.9,16.15,0.0,26.066666666666666,24.816666666666666,37.083333333333336
pc_054,21.716666666666665,30.98333333333333,28.25,30.9,23.65,32.333333333333336,27.316666666666666,32.71666666666667,31.25,28.1,35.7,35.95,31.11666666666667,38.66666666666666,33.06666666666667,20.7,17.933333333333334,28.98333333333333,15.566666666666665,31.55,26.18333333333333,26.03333333333333,29.066666666666666,24.58333333333333,26.55,19.7,40.016666666666666,32.68333333333333,5.783333333333332,33.48333333333333,38.516666666666666,13.9,25.78333333333333,22.0,21.8,13.116666666666667,26.38333333333333,36.98333333333333,39.56666666666667,31.55,42.266666666666666,35.86666666666667,28.61666666666667,21.45,35.13333333333333,32.03333333333333,35.11666666666667,34.31666666666667,25.516666666666666,54.98333333333333,42.75,32.06666666666667,20.1,26.08333333333333,0.0,30.83333333333333,36.266666666666666
pc_055,21.9,26.95,12.066666666666665,26.93333333333333,23.68333333333333,31.91666666666667,28.11666666666667,32.3,17.033333333333335,19.5,35.28333333333333,35.53333333333333,30.7,38.25,32.65,20.283333333333328,22.75,28.93333333333333,19.433333333333334,38.63333333333333,25.766666666666666,25.2,26.33333333333333,24.16666666666667,22.66666666666667,20.05,35.25,32.266666666666666,30.98333333333333,33.05,38.1,21.91666666666667,24.95,20.033333333333328,21.383333333333333,41.03333333333333,27.18333333333333,36.56666666666667,39.15,31.13333333333333,37.5,35.45,23.85,21.033333333333328,34.71666666666667,29.966666666666665,34.7,29.55,8.983333333333333,55.0,37.98333333333333,31.65,27.86666666666667,26.11666666666667,33.333333333333336,0.0,35.85
pc_056,26.93333333333333,19.916666666666668,32.166666666666664,18.95,22.65,21.383333333333333,17.716666666666665,28.03333333333333,35.166666666666664,27.83333333333333,31.03333333333333,10.55,9.933333333333334,7.333333333333332,18.816666666666666,21.166666666666668,25.5,19.216666666666665,26.18333333333333,34.38333333333333,15.766666666666667,20.883333333333333,20.75,14.516666666666667,26.15,24.93333333333333,15.25,28.016666666666666,33.68333333333333,8.516666666666667,33.833333333333336,25.05,19.433333333333334,30.16666666666667,22.266666666666666,43.73333333333333,17.7,31.86666666666667,23.15,11.9,17.516666666666666,10.916666666666664,24.03333333333333,21.91666666666667,1.1666666666666667,15.233333333333333,30.43333333333333,15.333333333333336,29.43333333333333,23.816666666666666,22.75,20.3,37.81666666666667,36.25,36.03333333333333,34.75,0.0
