,depot,pc_001,pc_002,pc_003,pc_004,pc_005,pc_006,pc_007,pc_008,pc_009,pc_010,pc_011,pc_012,pc_013,pc_014,pc_015,pc_016,pc_017,pc_018,pc_019,pc_020,pc_021,pc_022,pc_023,pc_024,pc_025,pc_026,pc_027,pc_028,pc_029,pc_030,pc_031,pc_032,pc_033,pc_034,pc_035,pc_036,pc_037,pc_038,pc_039,pc_040,pc_041,pc_042,pc_043,pc_044,pc_045,pc_046,pc_047,pc_048,pc_049,pc_050,pc_051,pc_052,pc_053,pc_054,pc_055,pc_056,pc_057,pc_058,pc_059,pc_060,pc_061,pc_062,pc_063,pc_064,pc_065,pc_066,pc_067,pc_068,pc_069,pc_070,pc_071,pc_072,pc_073,pc_074,pc_075,pc_076,pc_077,pc_078,pc_079,pc_080,pc_081,pc_082,pc_083,pc_084,pc_085,pc_086,pc_087,pc_088,pc_089,pc_090,pc_091,pc_092,pc_093,pc_094,pc_095,pc_096,pc_097,pc_098,pc_099,pc_100,pc_101,pc_102,pc_103
depot,0.0,4.121,3.54,5.205,10.287,4.87,4.6110000000000015,4.365,7.343,11.97,4.985,7.62,5.12,6.314,1.274,2.73,4.472,1.993,1.4409999999999998,3.1180000000000003,5.767,2.115,8.017999999999999,1.56,5.9270000000000005,4.957,5.778,6.0360000000000005,6.507999999999999,2.5660000000000003,1.655,3.839,4.798,2.8080000000000003,6.3210000000000015,3.258,5.721,6.869,2.853,4.8439999999999985,4.814,3.856,4.475,9.698,5.669,6.7410000000000005,5.513,0.845,6.972,3.553,5.269,3.982,4.8580000000000005,0.738,2.7110000000000003,8.847999999999997,5.7410000000000005,6.426,6.627999999999999,2.321,2.25,2.18,5.077,7.792999999999998,2.571,5.152,2.279,4.464,2.386,3.665,11.156,5.542000000000002,4.577,1.144,7.954,3.471,4.195,2.858,1.643,5.025,4.098,4.792,5.125,6.879,5.287000000000001,4.938,5.501,4.809,3.95,4.438,3.475,6.246,2.278,2.182,4.529,7.4860000000000015,3.188,6.081,6.175,6.9510000000000005,5.812,4.452,2.074,1.422
pc_001,5.721,0.0,6.488,5.925,8.332,5.191,10.097,5.926,6.884,9.941,2.33,4.392,2.465,2.207,5.6960000000000015,5.727,2.434,4.942,4.353,3.816,3.112,5.082,5.363,7.046,1.82,2.275,2.315,1.929,6.325,3.883,6.732,6.79,3.675,4.502,2.215,6.207000000000002,3.39,4.215,8.339,10.33,10.300999999999998,9.342,1.983,7.042999999999998,2.106,2.634,4.874,6.331,4.317,9.039,6.948,2.205,10.38,6.224,7.035,6.193,1.634,3.894,2.522,4.601,6.672999999999999,7.667000000000002,10.599,4.393,8.058,2.497,7.766,7.191,7.082000000000002,9.657,9.127,2.887,2.539,6.7970000000000015,4.347,8.993,4.917,8.583,6.481,4.734,1.934,2.137,2.47,4.224,10.809,1.475,5.432,10.33,1.255,1.783,8.961,4.511,4.062,7.669,1.385,4.831,6.1370000000000005,3.085,2.069,3.612,3.157,5.834,7.56,5.401
pc_002,2.944,4.856,0.0,4.012,9.241,6.819,5.529,2.735,5.767,10.851,5.72,9.234,5.521,7.049,3.497,2.613,7.276,1.793,2.84,5.247000000000001,6.502000000000002,1.997,8.414,3.1460000000000004,6.662000000000001,5.692,6.513,6.771,4.933,4.695,1.683,2.645,6.924,3.543,7.056,0.319,5.604,7.605,3.555,5.7620000000000005,5.732,4.937,6.825,9.3,6.404,7.476,3.938,2.307,7.079,4.255,7.396,4.717,4.416,3.817,1.515,6.785,6.476,8.552,7.364,2.467,4.01,3.766,5.078,8.527999999999999,3.274,5.726,3.865,6.591,1.6230000000000002,4.137,10.037,5.712999999999999,7.381,3.553,8.689,3.4730000000000003,4.078,3.063,1.809,3.449,4.833,5.707000000000002,5.676,7.647,5.289,5.672999999999999,4.287,4.81,4.685,5.174,4.177,6.129,4.407,3.768,5.2639999999999985,8.221,0.617,5.502000000000002,6.9110000000000005,7.686,6.169,3.258,3.66,3.534
pc_003,5.205,5.2170000000000005,3.92,0.0,5.7170000000000005,7.144,8.924,1.7819999999999998,3.872,7.327000000000001,4.059,10.176,3.55,7.41,5.18,2.5580000000000003,7.542999999999998,3.549,4.315,6.515,4.346,3.525,4.739,6.801,7.024,6.0539999999999985,5.995,7.132999999999999,2.826,6.582000000000002,5.339,1.38,7.355,5.425,7.417999999999998,3.914,2.528,4.548,6.784,9.157,9.128,8.332,7.013,5.1770000000000005,5.445,6.249,1.855,5.962999999999999,3.625,7.484,8.9,4.194,7.5470000000000015,5.707999999999998,5.642,4.678,6.837999999999999,8.982000000000003,7.725,3.753,6.157,7.4220000000000015,7.672999999999999,6.627999999999999,6.502999999999999,3.754,7.521,9.144,5.689,7.532,6.513,3.912,7.649,6.2810000000000015,6.964,6.8679999999999986,2.484,6.292000000000002,5.465,1.367,4.545,3.579,3.704,4.194,8.164,4.711,0.727,7.405,5.046,4.088,7.4060000000000015,2.444,6.7620000000000005,7.423999999999999,4.884,5.164,3.876,4.043,7.272,5.961,3.778,1.129,7.316,5.153
pc_004,10.448,7.956,8.288,5.694,0.0,9.883,14.081,5.794,2.761,2.065,6.721,12.915,6.51,8.202,10.424,7.192,10.282,8.183,9.081,9.254,5.875,8.158999999999999,3.238,11.774,8.019,8.792,7.687,9.871,3.642,9.321,9.972,6.579,10.093,9.229,10.156,8.282,5.5520000000000005,4.119,11.941,14.314,14.285,13.489,9.751,1.3159999999999998,7.351,7.072,5.504,11.059,4.963,12.640999999999998,11.639,7.441,12.704,10.952,9.478,2.388,9.576,11.720999999999998,10.464,8.238,12.385,14.306,12.83,5.216,11.66,6.549,14.405,11.883,9.586,12.689,1.251,5.917000000000002,10.387,13.098,6.247000000000001,12.025,6.496,11.449000000000002,10.099,5.083,8.402000000000001,6.8260000000000005,6.375,4.3210000000000015,13.321,7.521,6.431,12.562,8.032,7.335,12.563,4.022,9.5,14.308,7.777,4.1930000000000005,8.244,6.047999999999999,8.267999999999999,6.119,5.783,6.233,14.2,10.129
pc_005,4.836,3.707,6.698,7.149,9.94,0.0,8.429,6.129,7.727,11.55,4.572,3.624,4.707,5.9,4.239,5.937,1.879,5.152,4.563,1.628,5.354,5.292000000000002,8.185,4.511,5.5139999999999985,3.842,5.365,2.3280000000000003,6.995,1.695,5.4910000000000005,6.768,0.71,3.145,2.677,6.417000000000002,5.375,6.456,6.671,8.663,8.633,7.673999999999999,2.236,9.07,5.256,6.3279999999999985,6.099,4.664,6.559,7.371,2.428,3.569,8.676,3.833,6.5470000000000015,8.38,5.3279999999999985,2.43,2.9730000000000003,4.811,3.095,5.016,8.895,7.379,6.39,4.739,5.115,2.672,5.631,7.484,10.736,5.127999999999999,2.184,3.807,7.541,7.289,5.121,6.6770000000000005,5.356,5.957999999999998,3.685,4.379,4.712,6.466,9.106,4.525,6.6560000000000015,8.627,3.536,4.025,7.292999999999998,5.9,1.875,5.018,4.1160000000000005,7.073,6.347,5.272,5.7620000000000005,6.5379999999999985,5.399,7.059,4.909,4.387
pc_006,4.939,8.825,5.4460000000000015,8.925,14.113,8.783,0.0,9.147,10.834,15.723,9.689,11.532,9.824,11.018,5.978,7.286,10.282,6.466,6.145,8.655,10.470999999999998,6.67,12.722,4.932,10.630999999999998,9.661,10.482,10.731,11.344,6.66,4.921,7.558,8.711,7.512,11.08,5.127000000000002,10.277,11.574000000000002,2.65,0.7490000000000001,0.7190000000000001,0.752,10.639,12.541,10.373,11.445,10.349,4.0939999999999985,11.675999999999998,2.115,9.182,8.686,2.016,5.603,4.306,11.852,10.445,10.338,11.333,7.14,5.796,5.553,1.484,12.497,2.8480000000000003,9.856,5.652,8.377,4.024,1.88,14.909,10.246,10.655,5.339,12.658,2.544,7.997999999999998,3.067,4.7860000000000005,9.861,8.802,9.496,9.829,11.583,1.641,9.642,9.905,1.534,8.654,9.142,1.85,10.802,6.371,5.555,9.233,12.19,5.457999999999998,10.175,10.879,11.655,10.515999999999998,8.171,5.4460000000000015,6.126
pc_007,5.016,4.215,2.593,1.783,5.707999999999998,6.141,8.427999999999999,0.0,3.131,8.01,2.918,9.173,2.541,6.407,4.9910000000000005,1.497,6.541,2.488,3.648,5.5120000000000005,3.792,2.464,4.186,5.74,6.021,5.051,4.306,6.13,2.297,4.949,4.277,0.884,6.352,3.797,6.415,2.587,1.975,3.994,6.2879999999999985,8.661,8.632,7.836,6.01,4.839,4.892,5.695,1.3019999999999998,4.901,3.072,6.988,7.898,3.1910000000000003,7.051,5.519,3.783,4.149,5.835,7.979,6.722,2.5980000000000003,5.968,6.36,7.1770000000000005,6.074,6.0070000000000014,2.7460000000000004,6.459,8.141,4.627,7.0360000000000005,6.504,3.358,6.646,6.0920000000000005,6.41,6.372000000000001,1.087,5.796,4.4030000000000005,0.813,3.646,2.68,2.696,3.64,7.667999999999998,3.703,1.29,6.909,4.044,3.189,6.91,1.915,4.6610000000000005,6.362,3.881,4.6110000000000015,2.549,3.489,6.269,5.407,3.225,1.692,6.254,4.6960000000000015
pc_008,8.337,5.845,5.627999999999999,3.664,2.772,7.771,11.463,3.135,0.0,4.382,4.61,10.803,4.399,7.48,8.312999999999999,4.532,8.171,5.523,6.97,7.142,3.764,5.499,2.915,8.775,7.297999999999999,6.681,5.5760000000000005,7.76,0.983,7.21,7.313,3.919,7.982,7.1179999999999986,8.045,5.622000000000001,3.4410000000000003,3.774,9.324,11.697,11.667,10.872,7.64,2.275,5.24,5.83,3.158,7.937,2.852,9.352,9.528,5.33,10.087,8.84,6.819,2.089,7.465,9.61,8.353,5.579,10.274,12.195,10.213,5.2120000000000015,8.37,4.438,12.294,9.771,7.6629999999999985,10.072,3.568,3.806,8.276,10.987,6.19,9.407,3.836,8.158999999999999,7.439,2.579,6.291,4.715,4.2639999999999985,3.42,10.703,5.41,3.1710000000000003,9.945,5.921,5.224,9.274,1.91,7.3889999999999985,12.197,5.665,4.032,5.584,3.937,7.5470000000000015,5.187,3.672,3.574,12.089,8.017000000000001
pc_009,12.075,9.583,9.915,7.32,2.064,11.509,15.707,7.421,4.387,0.0,8.347999999999999,14.541,8.137,9.828,12.050999999999998,8.818,11.909,9.809,10.707,10.88,7.502000000000002,9.785,4.865,13.4,9.646,10.419,9.314,11.498,5.269,10.948,11.599,8.205,11.72,10.856,11.783,9.909,7.1789999999999985,5.745,13.568,15.941,15.911,15.116,11.378,2.943,8.978,8.699,7.131,12.686,6.589,14.268,13.265999999999998,9.068,14.331,12.578,11.105,4.015,11.203,13.347,12.09,9.865,14.012,15.933,14.457,6.8420000000000005,13.286,8.176,16.032,13.509,11.213,14.316,1.5219999999999998,7.544,12.014,14.725,7.874,13.651,8.123,13.076,11.725,6.71,10.029,8.453,8.001,5.947,14.947,9.148,8.057,14.189,9.659,8.962,14.19,5.648,11.127,15.935,9.403,5.82,9.87,7.673999999999999,9.895,7.746,7.41,7.86,15.827,11.755
pc_010,5.058,2.331,5.8260000000000005,3.849,6.981,4.51,12.347,2.859,4.665,8.59,0.0,7.542000000000002,0.374,3.935,5.034,3.366,4.909,4.28,3.691,3.881,1.6369999999999998,4.42,3.888,6.384,3.075,3.402,1.86,4.481,4.107,3.948,6.069,3.498,4.721,3.839,4.766,5.545,1.315,2.74,7.677,12.581,9.638,11.592,4.379,5.692,1.539,2.72,2.799,5.669,2.029,8.377,6.266,0.865,9.717,5.562,6.372999999999998,4.843,4.186,6.348,5.074,3.938,7.013,8.934,9.936,3.663,10.308,0.171,9.033,6.51,6.419,8.995,7.777,0.763,5.015,7.726,3.824,8.33,1.85,7.921,5.819,2.659,1.216,0.48,0.374,2.749,10.146,1.257,3.357,9.668,1.375,0.759,11.211,2.436,4.127,8.936,1.119,3.3560000000000003,5.475,0.8340000000000001,3.323,2.821,1.034,3.759,8.827,4.739
pc_011,8.316,6.0920000000000005,9.083,9.541,12.332,3.62,11.175,8.521,10.118,13.941,6.957000000000002,0.0,7.0920000000000005,4.914,4.914,8.322000000000001,2.122,7.537000000000001,6.948,3.407,6.365,7.677,9.989,7.2570000000000014,4.5280000000000005,4.869,5.127999999999999,2.571,9.387,3.474,8.237,9.385,3.194,4.954,2.685,8.802,7.766,8.841000000000003,9.418,11.409,11.379,10.42,2.644,11.067,5.65,5.3420000000000005,8.49,7.41,8.943,10.118,5.457000000000002,5.9529999999999985,11.422,6.579,9.293,10.82,2.893,1.31,2.103,7.195,5.841,7.762,11.640999999999998,7.101,9.136,7.122999999999998,7.8610000000000015,5.7010000000000005,8.377,10.23,13.127,7.513,1.741,6.5539999999999985,7.0539999999999985,10.035,7.512,9.423,8.103,8.35,6.07,6.7639999999999985,7.096,8.851,11.852,5.614,9.048,11.373,5.921,6.41,10.039,8.291,3.654,7.7639999999999985,5.524,9.457,8.732000000000001,7.7120000000000015,4.776,6.319,7.784,9.45,7.655,5.062
pc_012,5.039,2.547,5.807,3.532,6.664,4.474,9.415,2.541,4.348,8.273,0.374,7.506,0.0,3.962,5.015,3.049,4.873,4.261,3.672,3.845,1.923,4.401,3.807,6.365,3.576,3.383,2.265,4.462,3.789,3.912,6.051,3.18,4.684,3.821,4.748,5.526,0.997,2.89,7.657999999999999,9.649,9.619,8.66,4.342,5.375,2.056,3.79,2.482,5.65,2.039,8.357999999999999,6.23,0.943,9.698,5.542999999999998,6.354,4.525,4.167,6.312,5.055,3.919,6.977,8.897,9.917,4.0360000000000005,7.376,0.483,8.996,6.474,6.4,8.976,7.459,0.877,4.979,7.689,4.198,8.311,1.533,7.902,5.8,2.341,1.294,0.557,0.654,2.607,10.128,2.042,3.039,9.649,1.509,0.8370000000000001,8.28,2.119,4.091,8.899,1.633,3.507,5.456,0.667,3.824,3.195,1.345,3.442,8.791,4.72
pc_013,6.284,2.968,7.0520000000000005,8.261000000000001,8.247,5.755,10.66,6.49,7.521,9.856,3.933,4.3260000000000005,3.962,0.0,6.26,6.291,2.932,5.506,4.917,5.126,3.349,5.646,5.2010000000000005,7.61,0.629,2.838,2.2030000000000003,2.521,6.9620000000000015,5.193,7.295,7.354,5.965,5.065,1.962,6.771,4.49,4.053,8.902999999999997,10.894,10.864,9.905,2.605,6.957999999999998,2.89,1.46,7.211,6.895,4.954,9.603,7.511,3.702,10.943,6.7879999999999985,7.599,6.108,1.4240000000000002,4.789,2.456,5.164,7.2360000000000015,8.23,11.162,2.991,8.621,3.51,8.329,7.755,7.645,10.221,9.042,3.752,3.161,7.3610000000000015,2.945,9.556,5.481,9.147,7.045,7.0710000000000015,3.5380000000000003,3.635,3.335,4.063,11.372,2.71,7.768,10.894,2.859,3.281,9.525,6.212999999999999,5.372000000000001,8.232000000000001,2.6210000000000004,4.799,6.7010000000000005,3.95,0.529,2.64,4.206,8.171,8.124,5.965
pc_014,1.278,4.13,3.549,5.214,10.296,4.367,5.654,4.374,7.352,11.979,4.994,7.117000000000001,5.129,6.323,0.0,2.739,3.969,2.002,1.45,2.615,5.776,2.124,8.027000000000001,2.604,5.936,4.966,5.787000000000001,4.457,6.517,2.063,2.344,3.848,4.295,2.817,6.33,3.268,5.73,6.879,3.896,5.888,5.858,4.899,3.972,9.707,5.678,6.75,5.522,1.889,6.981,4.597,4.767,3.991,5.901,1.361,3.4,8.857000000000003,5.75,5.922999999999999,6.638,2.33,1.747,3.224,6.12,7.802,3.615,5.1610000000000005,3.323,3.962,3.074,4.709,11.165,5.551,4.074,1.872,7.962999999999999,4.5139999999999985,4.204,3.902,2.332,5.034,4.107,4.801,5.134,6.888,6.331,4.947,5.51,5.852,3.959,4.448,4.518,6.255,1.775,3.2260000000000004,4.538,7.495,3.197,6.09,6.184,6.96,5.8210000000000015,4.461,3.1180000000000003,0.193
pc_015,2.739,4.017,1.805,2.587,8.104,6.801,7.19,1.568,4.601,9.714,3.832,9.833,3.4560000000000004,6.3020000000000005,2.715,0.0,7.2,1.084,1.85,4.559,4.879,1.06,6.349,4.336,5.915,4.853,5.221,5.932,3.766,4.007,2.873,1.22,7.0120000000000005,2.704,6.2170000000000005,2.349,3.539,5.936,5.2170000000000005,7.423999999999999,7.394,6.599,6.67,7.234,5.013,6.729,2.7710000000000004,3.497,5.0139999999999985,5.917000000000002,8.557,3.97,5.505,3.2430000000000003,3.177,6.545,5.6370000000000005,8.639,6.524,1.454,3.691,4.956,6.74,7.023,4.935,3.661,5.055,5.9060000000000015,3.2230000000000003,5.799,8.9,3.647,7.306,3.816,7.185,5.134,1.907,4.725,2.999,2.282,4.6080000000000005,3.642,3.611,5.582000000000002,6.95,4.618,2.759,6.472,3.938,4.426,5.839,4.064,3.719,4.958,4.947,6.553,2.279,3.437,6.1629999999999985,6.182,4.103,1.833,4.85,2.688
pc_016,6.931,4.708,7.699,8.156,10.947,2.306,10.42,7.136,8.734,12.557,5.572,1.864,5.707000000000002,3.53,6.907,6.938,0.0,6.153,5.564,2.658,4.98,6.292999999999998,8.605,6.502000000000002,3.143,3.485,3.744,1.785,8.002,2.725,7.942,8.001,2.149,5.7120000000000015,1.301,7.417999999999998,6.3820000000000014,7.456,8.662,10.653,10.624,9.665,2.4730000000000003,10.285,4.265,3.957,7.106,6.654,7.559,9.362,4.702,4.569,10.667,5.824,8.246,9.435,1.508,1.846,1.224,5.811,5.085,7.006,10.886,5.716,8.381,5.739,7.105,4.945,8.292,9.475,11.743,6.129,0.491,5.797999999999999,5.67,9.28,6.127999999999999,8.668,7.692,6.966,4.685,5.379,5.7120000000000015,7.466,11.095999999999998,4.229,7.6629999999999985,10.618,4.537,5.025,9.284,6.907,2.905,7.007999999999999,4.14,8.073,7.347,6.327000000000001,3.392,4.935,6.399,8.066,6.9,6.6110000000000015
pc_017,2.332,3.2960000000000003,1.805,3.528,8.61,5.259,6.365,2.688,5.666,10.219,4.16,7.673999999999999,3.961,5.489,2.307,1.053,5.716,0.0,1.28,3.687,4.942,0.4370000000000001,6.854,3.511,5.102,4.132,4.953,5.211,4.831,3.135,2.048,2.162,5.4689999999999985,1.983,5.496,1.524,4.044,6.045,4.392,6.599,6.569,5.774,5.265,7.74,4.8439999999999985,5.916,3.836,2.672,5.519,5.092,7.015,3.157,5.6960000000000015,2.835,2.352,7.05,4.916,7.097,5.8039999999999985,0.907,3.284,4.131,5.915,6.968,4.11,4.166,4.23,5.497999999999998,2.398,4.974,9.405,4.1530000000000005,5.8210000000000015,3.918,7.129,4.309,2.518,3.9,2.174,3.347,3.273,4.147,4.1160000000000005,6.0870000000000015,6.125,4.113,3.824,5.647,3.125,3.614,5.0139999999999985,4.569,2.847,4.133,3.704,6.6610000000000005,1.453,3.942,5.351,6.126,4.609,2.775,4.025,2.28
pc_018,1.426,2.738,2.773,5.2879999999999985,8.978,4.7010000000000005,5.8020000000000005,3.66,6.6370000000000005,10.587,3.602,7.1160000000000005,3.737,4.931,1.402,1.837,5.158,1.227,0.0,3.2460000000000004,4.384,1.222,6.635,2.752,4.544,3.574,4.395,4.6530000000000005,5.8020000000000005,2.694,2.199,3.678,4.926,1.425,4.939,2.492,4.801,5.487,4.045,6.0360000000000005,6.006,5.047,4.707,8.315,4.2860000000000005,5.358,4.807,2.037,5.589,4.745,5.397,2.599,6.665,1.929,3.32,7.465,4.3580000000000005,6.5539999999999985,5.246,0.939,2.378,3.372,6.884,6.41,3.763,3.769,3.471,4.592,3.367,4.857,9.773,4.159,5.263,2.502,6.5710000000000015,5.278,3.148,4.868,2.187,4.319,2.715,3.41,3.742,5.496,7.0939999999999985,3.555,4.795,6.6160000000000005,2.567,3.056,4.667,5.3260000000000005,2.406,3.374,3.1460000000000004,6.103,2.422,4.699,4.793,5.568,4.43,4.291,3.266,1.106
pc_019,3.092,2.974,5.965,6.415,9.207,1.643,8.32,5.396,6.9929999999999986,10.816,3.838,3.423,3.973,5.167000000000002,2.086,4.553,1.945,4.419,3.83,0.0,4.62,3.938,7.451,3.708,4.78,2.895,4.631,2.489,6.2620000000000005,0.701,5.3820000000000014,6.035,1.6980000000000002,2.1590000000000003,2.839,5.684,4.641,5.723,6.563,8.554,8.524,7.565,2.004,8.337,4.522,5.5939999999999985,5.365,4.555,5.825,7.263,3.4,2.835,8.568,3.03,6.438,7.647,4.5939999999999985,3.475,3.039,4.077,2.292,4.907,8.787,6.646,6.2810000000000015,4.005,5.006,2.673,5.522,7.375,10.002,4.395,2.05,3.004,6.807,7.181,4.387,6.568,5.247999999999998,5.225,2.951,3.645,3.978,5.732,8.997,3.791,5.922999999999999,8.519,2.803,3.2910000000000004,7.185,5.166,0.825,4.909,3.382,6.339,5.614,4.539,5.0280000000000005,5.8039999999999985,4.665,6.325,4.801,2.234
pc_020,5.84,3.113,6.608,4.512,5.22,5.311,10.216,3.958,3.771,6.829,1.6369999999999998,7.725,1.837,3.354,5.816,5.847,5.768,5.062,4.473,4.682,0.0,5.202000000000001,2.251,7.166,2.7510000000000003,4.184,1.64,5.263,3.213,4.749,6.851,4.743,5.521,4.621,4.207,6.327000000000001,2.6,1.102,8.459,10.45,10.42,9.461,5.317,3.931,1.304,1.895,3.462,6.4510000000000005,1.205,9.159,7.067,2.612,10.499,6.343,7.155,3.0810000000000004,3.669,7.149,5.856,4.72,6.792000000000002,7.786,10.718,2.776,8.177,1.354,7.885,7.311,7.2010000000000005,9.777,6.015,1.151,5.872999999999998,6.917000000000002,2.937,9.112,2.87,8.703,6.601,3.321,2.527,1.943,1.179,1.112,10.928,1.646,4.019,10.45,2.157,2.19,9.081,2.464,4.928,7.7879999999999985,1.901,1.719,6.2570000000000014,1.67,3.0,1.934,0.8029999999999999,4.422,7.68,5.52
pc_021,2.49,3.767,1.784,3.47,8.552,5.73,6.3439999999999985,2.63,5.607,10.161,4.28,8.145,3.903,5.96,2.466,0.995,6.187,1.412,1.601,4.31,5.3260000000000005,0.0,6.796,3.49,5.574,4.604,5.667999999999998,5.683,4.773,3.758,2.027,2.104,5.941,2.454,5.968,1.5019999999999998,3.986,6.382999999999999,4.371,6.577000000000001,6.547999999999999,5.752999999999999,5.737,7.682,5.46,6.388,3.778,2.651,5.461,5.0710000000000015,6.461,4.704,5.675,2.9930000000000003,2.331,6.992000000000001,5.388,9.086,6.275,1.378,3.442,4.11,5.894,7.471,4.089,4.1080000000000005,4.209,5.6560000000000015,2.377,4.953,9.347,4.0939999999999985,6.292999999999998,3.897,7.6320000000000014,4.288,2.46,3.878,2.153,3.289,3.745,4.089,4.058,6.029,6.104,5.065,3.766,5.626,3.596,4.598,4.993,4.511,3.47,4.112,4.176,7.0,1.432,3.884,5.822,6.629,4.55,2.716,4.004,2.439
pc_022,8.311,5.388,9.079,4.727,3.238,7.746,12.688,4.173,2.96,4.848,4.002,10.778,3.791,5.114,8.287,5.5710000000000015,8.145,7.532999999999999,6.944,7.117000000000001,2.275,7.672999999999999,0.0,9.637,4.932,6.655,4.026,7.734,2.401,7.184,9.323,4.958,7.956,7.093,6.388,8.798,2.833,1.207,10.93,12.921,12.890999999999998,11.933,7.614,1.949,3.75,3.985,3.677,8.922,2.244,11.63,9.502,4.722,11.125,8.815,9.626,1.1,5.85,9.584,8.327,6.176,10.249,12.17,11.251,2.983,10.648,3.83,12.269,9.746,9.672,12.248,4.034,3.198,8.251,10.961,3.824,11.583,4.376,11.174,9.072,3.536,4.801,4.107,3.656,1.358,11.742,3.92,4.234,10.983,4.432,4.465,11.552,2.411,7.362999999999999,12.172,4.176,1.392,8.728,3.329,5.181,2.821,3.064,4.637,12.063,7.992000000000001
pc_023,1.735,5.604,3.313,6.689,11.77,4.524,4.723,5.849,8.826,13.38,6.4689999999999985,7.274,6.604,7.7970000000000015,2.155,4.213,6.024,3.682,2.925,4.397,7.251,3.5980000000000003,10.015,0.0,7.41,7.176,7.262,6.472,7.992000000000001,4.405,1.813,5.322,4.452,3.382,6.8210000000000015,2.994,9.307,8.353,2.965,4.956,4.926,3.968,6.285,10.9,7.153,8.225,6.996,0.986,8.455,3.665,4.924,5.465,4.97,1.217,2.869,10.673,7.224,6.08,7.32,3.805,1.41,1.294,5.189,9.276,2.6830000000000003,6.635,1.393,4.119,1.925,3.777,12.566,7.025,6.396,0.953,9.437,3.583,5.6789999999999985,2.97,1.679,6.507999999999999,5.582000000000002,6.276,6.608,8.363,5.399,6.4220000000000015,6.985,4.921,5.433,5.9220000000000015,3.587,7.73,2.769,1.296,6.013,8.969,3.242,9.205,7.659,8.435,7.296,5.935,1.188,2.303
pc_024,5.849,2.533,6.617000000000001,7.074,8.13,5.32,10.225,6.0539999999999985,7.404,9.74,3.498,3.891,3.527,0.512,5.825,5.856,2.497,5.0710000000000015,4.481,4.691,2.821,5.211,5.085,7.174,0.0,2.403,1.767,2.086,6.846,4.758,6.86,6.919,5.53,4.63,1.526,6.336,4.055,3.937,8.467,10.459,10.429,9.47,2.17,6.8420000000000005,2.289,1.3430000000000002,6.024,6.46,4.838,9.167,7.0760000000000005,3.267,10.508,6.352,7.164,5.992000000000001,0.989,4.354,2.021,4.729,6.801,7.795,10.727,2.875,8.186,3.074,7.894,7.32,7.21,9.786,8.926,3.317,2.7260000000000004,6.925,2.829,9.121,5.046,8.711,6.61,5.884,3.102,3.199,2.9,3.946,10.937,2.275,6.581,10.459,2.423,2.845,9.089,6.096,4.937,7.7970000000000015,2.185,4.683,6.265,3.515,0.44,2.524,3.587,6.984,7.689,5.529
pc_025,3.563,1.339,4.33,4.788,7.579,3.033,7.939,3.768,5.3660000000000005,9.189,2.204,5.7170000000000005,2.339,3.532,3.539,3.57,3.759,2.784,2.195,2.404,2.986,2.925,5.237,4.888,3.1460000000000004,0.0,2.997,3.255,4.634,2.472,4.574,4.633,3.244,2.344,3.54,4.049,3.014,4.088,6.181,8.172,8.142999999999999,7.184,2.403,6.917000000000002,2.888,3.96,3.738,4.173,4.191,6.881,4.79,1.2009999999999998,8.222000000000001,4.066,4.878,6.067,2.96,4.872,3.847,2.443,4.515,5.509,8.441,5.011,5.9,2.371,5.608,5.033,4.924,7.499,8.375,2.76,3.865,4.6389999999999985,5.172999999999999,6.835,2.76,6.425,4.324,3.597,1.317,2.011,2.344,4.098,8.651,2.157,4.295,8.173,1.168,1.6569999999999998,6.803,3.539,2.651,5.511,1.7480000000000002,4.705,3.979,2.959,3.394,4.17,3.031,4.698,5.403,3.2430000000000003
pc_026,5.8,2.313,6.568,5.296,7.063,5.271,10.176,4.305,5.615,8.672,2.257,5.251,2.264,2.2,5.776,5.807,3.293,5.022,4.433,4.642,1.658,5.162000000000001,4.0939999999999985,7.126,1.689,3.076,0.0,2.789,5.056,4.709,6.811,4.944,5.481,4.581,3.145,6.287000000000001,2.761,2.946,8.419,10.41,10.38,9.421,2.843,5.774,0.359,1.208,4.246,6.4110000000000005,3.048,9.119,7.027,2.572,10.459,6.303,7.115,4.924,2.608,7.109,3.381,4.68,6.752000000000002,7.746,10.678,2.456,8.137,1.781,7.845,7.271,7.1610000000000005,9.737,7.859,2.147,3.399,6.876,2.6180000000000003,9.072,3.297,8.663,6.561,4.105,2.487,2.504,1.606,2.955,10.888,0.8390000000000001,4.803,10.41,2.117,2.15,9.04,4.011,4.888,7.747999999999998,1.539,3.562,6.2170000000000005,2.6660000000000004,1.938,1.615,2.347,5.206,7.64,5.48
pc_027,5.949,3.726,6.7170000000000005,7.174,9.965,2.435,10.325,6.154,7.752000000000002,11.575,4.59,2.515,4.725,2.548,5.925,5.956,1.037,5.171,4.582,2.419,3.998,5.311,6.434,7.275,2.161,2.503,2.762,0.0,7.021,2.486,6.96,7.019,2.278,4.73,0.662,6.436,5.4,5.285,8.568,10.559,10.529000000000002,9.57,1.0659999999999998,8.701,3.283,2.975,6.124,6.56,5.388,9.268,4.852,3.587,10.608,6.452000000000001,7.2639999999999985,7.851,1.267,2.497,1.413,4.829,4.662,7.657,10.827,4.734,8.286,4.757,7.756,5.096,7.31,9.886,10.761,5.147,1.142,5.375,4.688,9.221,5.146,8.812000000000003,6.71,5.984,3.703,4.397,4.73,5.295,11.037,3.247,6.681,10.559,3.555,4.043,9.19,5.925,2.665,7.659,3.158,5.902,6.3660000000000005,5.345,2.41,3.953,5.417000000000002,7.084,7.551,5.63
pc_028,7.162000000000001,5.03,4.794,2.829,3.56,6.957000000000002,10.629,2.3,0.983,5.169,4.051,9.989,3.84,6.9220000000000015,7.1370000000000005,3.698,7.356,4.689,5.794,6.3279999999999985,3.205,4.664,2.356,7.941,6.739,5.8660000000000005,5.018,6.945,0.0,6.395,6.478,3.085,7.167000000000002,5.943,7.23,4.788,2.882,3.215,7.817,10.862,10.833,10.037,6.825,2.69,4.681,5.272,2.324,7.102,2.293,9.189,8.713,4.006,9.252,7.665,5.984,2.0,6.65,8.795,7.5379999999999985,4.744,9.459,11.38,9.378,4.957,7.535,3.88,11.479,8.957,6.8279999999999985,9.237,4.355,3.247,7.461,8.238,5.631,8.573,3.002,7.325,6.604,1.744,5.732,3.391,3.705,2.861,9.869,4.851,2.337,9.11,5.363,3.9,8.439,1.096,6.574,11.382,5.107,3.4730000000000003,4.749,3.378,6.988,4.628,3.113,2.739,11.274,6.8420000000000005
pc_029,2.555,3.042,4.825,6.484,9.275,1.6980000000000002,6.332999999999998,4.9430000000000005,7.061,10.884,3.907,3.491,4.042,5.235,1.548,4.015,2.013,3.279,2.727,0.685,4.689,3.4,7.52,3.7,4.848,2.964,4.7,2.502,6.33,0.0,3.62,4.962,1.766,1.621,2.8510000000000004,4.544,4.71,5.791,4.575,6.567,6.537000000000001,5.5779999999999985,2.016,8.405,4.591,5.662000000000001,5.434,2.568,5.893,5.275,3.454,2.903,6.58,2.153,4.676,7.715,4.662,3.536,3.107,2.772,2.2840000000000003,4.899,6.799,6.714,4.294,4.073,4.998,2.6660000000000004,4.351,5.388,10.071,4.463,2.119,2.997,6.875,5.193,4.456,4.581,3.609,5.292999999999998,3.02,3.714,4.046,5.801,7.009,3.86,5.9910000000000005,6.5310000000000015,2.8710000000000004,3.36,5.197,5.235,0.287,4.901,3.451,6.407,4.474,4.607,5.097,5.872000000000001,4.734,5.575,4.793,1.696
pc_030,1.648,4.841,2.048,5.7120000000000015,10.794,5.839,4.9860000000000015,4.872,7.85,12.403,5.706,8.588,5.841,7.034,2.201,3.237,5.399,2.417,2.162,4.045,6.488,2.622,9.039,1.988,6.648,5.678,6.499,6.7570000000000014,7.015,3.494,0.0,4.346,5.767,3.528,7.042000000000002,1.729,6.228,7.59,3.228,5.2189999999999985,5.189,4.231,5.402,9.924,6.39,7.4620000000000015,6.02,1.15,7.693,3.928,6.238,4.703,4.828,2.659,1.604,9.234,6.4620000000000015,7.394,7.349,3.091,2.853,2.609,5.047,8.513,2.946,5.872999999999998,2.708,5.433,1.278,4.105,11.589,6.263,7.711,2.395,8.675,3.4410000000000003,4.702,3.031,0.652,5.532,4.819,5.513,5.846,7.6,5.2570000000000014,5.659,6.007999999999999,4.779,4.67,5.159,3.85,6.752999999999999,3.205,2.611,5.25,8.207,1.977,6.126,6.896,7.6720000000000015,6.533,4.959,2.503,2.238
pc_031,3.861,4.966,2.577,1.366,7.033,6.78,7.58,0.883,3.915,8.102,4.098,9.812,3.78,7.046,3.837,1.214,7.1789999999999985,2.205,2.972,6.151,4.5760000000000005,2.181,4.97,5.457999999999998,6.659,6.284,6.0779999999999985,6.768,3.0810000000000004,5.129,3.995,0.0,6.99,3.815,7.0539999999999985,2.571,2.759,4.7780000000000005,5.441,7.814,7.784,6.989,6.649,5.622999999999998,5.676,6.479,2.086,4.619,3.856,6.141,8.536,3.83,6.204,4.364,4.299,4.933,6.473,8.618,7.3610000000000015,2.41,4.813,6.0779999999999985,6.33,6.858,5.159,3.385,6.1770000000000005,8.78,4.345,6.189,7.829,4.142,7.285,4.937,7.194,5.524,1.871,4.948,4.121,1.597,4.18,3.215,3.334,4.424,6.82,4.942,1.642,6.062,4.795,3.723,6.063,2.699,4.841,6.08,5.114,5.395,2.532,4.273,6.908,6.191,4.009,0.613,5.972,3.81
pc_032,4.7639999999999985,3.918,6.909,7.36,10.151,0.71,8.357000000000001,6.34,7.937,11.76,4.782,3.197,4.917,4.186,3.2060000000000004,6.148,1.722,5.363,4.774,1.699,5.564,5.502999999999999,8.396,4.439,3.8,3.685,4.4,2.171,7.206,1.766,5.419,6.979,0.0,3.3560000000000003,2.52,6.627999999999999,5.585,6.667000000000002,6.6,8.591000000000001,8.561,7.602,2.08,9.281,5.466,4.614,6.309,4.592,6.769,7.3,2.639,3.779,8.604,3.761,6.475,8.591000000000001,3.614,2.004,2.8160000000000003,5.021,3.023,4.944,8.823,6.372999999999998,6.318,4.949,5.043,2.883,5.559,7.412000000000001,10.946,5.339,2.027,3.736,6.3260000000000005,7.217,5.331,6.605,5.285,6.169,3.895,4.59,4.922,6.6770000000000005,9.034,4.7360000000000015,6.867000000000001,8.555,3.747,4.2360000000000015,7.222,6.11,1.945,4.9460000000000015,4.327,7.282999999999999,6.558,5.483,4.048,6.747999999999998,5.61,7.269,4.837,3.354
pc_033,2.754,2.883,3.522,5.434,9.087,3.234,7.13,3.805,6.874,10.697,3.748,5.14,4.439,5.0760000000000005,2.73,2.761,3.662,1.975,1.386,2.158,4.529,2.116,7.332000000000002,4.079,4.689,4.023,4.541,3.617,6.142,1.606,3.765,3.824,3.374,0.0,3.966,3.241,4.522,5.6320000000000014,5.372000000000001,7.364,7.334,6.375,3.131,8.217,4.432,5.502999999999999,5.246,3.365,5.997000000000001,6.072,4.9910000000000005,2.744,7.4129999999999985,3.257,4.069,7.527,4.503,5.073,4.58,1.634,3.706,4.7,7.6320000000000014,6.555,5.091,4.644,4.799,3.702,4.115,6.691,9.883,4.63,3.768,3.83,6.716,6.026,3.293,5.6160000000000005,3.515,4.464,2.861,3.555,4.593,5.642,7.842,3.701,4.941,7.364,2.712,3.201,5.994,5.047,1.318,4.702,3.292,6.247999999999998,3.17,4.419,4.938,5.712999999999999,5.086,4.437,4.5939999999999985,2.434
pc_034,5.775,3.552,6.542999999999998,7.0,9.792,5.246,10.151,5.981,7.5779999999999985,11.401,4.416,2.713,4.551,2.374,5.751,5.782,1.318,4.997,4.408,2.769,3.824,5.1370000000000005,7.449,7.101,1.987,2.329,2.588,0.662,6.847,2.8360000000000003,6.787000000000001,6.845,2.628,4.557,0.0,6.2620000000000005,5.226,6.301,8.394,10.385,10.355,9.396,1.416,9.129,3.11,2.802,5.95,6.386,6.403,9.094,7.002000000000002,3.4130000000000003,10.434,6.279,7.09,8.279,0.6970000000000001,3.176,0.843,4.655,6.727,7.721,10.653,4.56,8.112,4.583,7.82,7.246,7.136,9.712,10.587,4.973,1.493,6.852,4.5139999999999985,9.047,4.972,8.638,6.5360000000000005,5.81,3.529,4.224,4.556,6.31,10.864,3.073,6.507999999999999,10.385,3.381,3.87,9.016,5.751,3.016,7.723,2.984,6.917000000000002,6.192,5.1720000000000015,2.236,3.779,5.244,6.91,7.615,5.456
pc_035,2.6630000000000003,4.575,0.319,4.006,9.889,6.5379999999999985,5.21,3.967,6.944,11.498,5.439,8.952,5.24,6.768,3.216,2.332,6.995,1.5119999999999998,2.559,4.966,6.221,1.716,8.133,2.827,6.381,5.4110000000000005,6.232,6.49,6.11,4.414,1.365,2.639,6.606,3.262,6.775,0.0,5.323,7.324,3.236,5.443,5.414,4.618,6.544,9.019,6.122999999999998,7.195,5.115,1.988,6.797999999999999,3.936,7.077000000000001,4.436,4.541,3.498,1.196,8.329,6.195,8.232999999999999,7.082999999999998,2.186,3.691,3.448,4.76,8.247,2.955,5.445,3.547,6.272,1.304,3.818,10.684,5.432,7.1,3.234,8.408,3.154,3.797,2.744,1.491,4.626,4.552,5.426,5.395,7.366,4.97,5.392,4.2810000000000015,4.492,4.404,4.892,3.858,5.848,4.126,3.45,4.9830000000000005,7.94,0.504,5.221,6.629,7.405,5.8870000000000005,3.252,3.341,3.253
pc_036,5.521,3.028,6.2879999999999985,2.528,5.702000000000001,4.955,9.897,1.974,3.386,7.311,1.318,7.987,1.0,5.221,5.497000000000001,3.135,5.355,4.742,4.1530000000000005,4.3260000000000005,2.448,4.883,2.846,6.846,4.835,3.865,2.765,4.944,2.827,4.394,6.532,2.759,5.166,4.302,5.229,6.0070000000000014,0.0,2.65,8.139,10.13,10.101,9.142,4.824,4.413,2.557,4.351,1.4780000000000002,6.131,1.7280000000000002,8.839,6.711,1.931,8.926,6.024,6.836,3.563,4.649,6.792999999999998,5.5360000000000005,3.419,7.457999999999998,9.379,10.399,4.73,7.858,1.205,9.478,6.955,6.8820000000000014,9.457,6.497000000000001,1.192,5.46,8.171,5.066,8.793,1.619,8.383,6.282,1.338,2.282,1.3159999999999998,1.155,2.296,10.609000000000002,2.162,2.035,10.131,2.497,1.825,8.761000000000001,1.157,4.573,9.381,2.6210000000000004,3.267,5.937,0.981,5.083,4.063,1.881,2.438,9.273,5.2010000000000005
pc_037,6.9460000000000015,4.2189999999999985,7.713999999999999,4.61,4.1560000000000015,6.417000000000002,11.322,4.056,3.87,5.765,2.7430000000000003,7.584,2.894,3.946,6.9220000000000015,5.385,6.872999999999998,6.167000000000002,5.5779999999999985,5.7879999999999985,1.106,6.308,1.187,8.271,3.763,5.29,2.857,6.369,3.3110000000000004,5.855,7.957000000000002,4.841,6.627000000000002,5.727,5.2189999999999985,7.433,2.698,0.0,9.564,11.556,11.526,10.567,6.422999999999999,2.867,2.5810000000000004,2.8160000000000003,3.56,7.557,1.3030000000000002,10.264,8.173,3.718,11.605,7.449,8.261000000000001,2.018,4.682,8.255,5.714,5.8260000000000005,7.898,8.892000000000003,11.824000000000002,2.319,9.283,2.411,11.552,8.417,8.307,10.883,4.952,2.208,6.979,8.022,2.655,10.218,3.869,9.808,7.707000000000002,3.419,3.633,3.0,2.236,0.412,12.034,2.752,4.117,11.556,3.263,3.2960000000000003,10.186,2.562,6.034,11.455,3.007,0.856,7.362,2.665,4.012,1.652,1.86,4.52,11.347,6.626
pc_038,2.855,6.7410000000000005,3.362,6.841,12.03,6.699,1.989,6.358,9.39,13.639,7.606,9.449,7.741,8.934,3.894,5.202000000000001,8.198,4.383,4.062,6.5710000000000015,8.388,4.587,10.638,2.849,8.548,7.5779999999999985,8.399,8.647,8.556000000000001,4.5760000000000005,2.837,5.475,6.627000000000002,5.428,8.996,3.044,8.193999999999999,9.49,0.0,2.2230000000000003,2.193,1.234,8.556000000000001,10.458,8.29,9.362,7.561,2.01,9.593,0.932,7.099,6.603,2.1,3.52,2.2230000000000003,9.768,8.362,8.255,9.249,5.056,3.713,3.469,2.061,10.413,0.764,7.773,3.568,6.294,1.94,1.044,12.826,8.162,8.571,3.256,10.574000000000002,0.657,5.915,0.91,2.7030000000000003,7.072,6.7189999999999985,7.4129999999999985,7.745,9.5,2.313,7.559,7.117000000000001,1.793,6.57,7.059,1.513,8.719,4.288,3.471,7.15,10.107,3.374,8.092,8.796,9.572,8.433,6.087999999999999,3.363,4.043
pc_039,4.355,8.241,4.862,8.376,13.565,8.199,0.995,7.893,10.925,15.174,9.106,10.949000000000002,9.241,10.434,5.395,6.702000000000001,9.699,5.882999999999999,5.562,8.072000000000001,9.888,6.0870000000000015,12.139,4.349,10.048,9.078,9.899,10.147,10.09,6.0760000000000005,4.337,7.01,8.127,6.928,10.496,4.544,9.694,10.99,1.732,0.0,0.153,1.0490000000000002,10.056,11.958,9.79,10.862,9.095,3.51,11.093,1.369,8.599,8.103,1.271,5.02,3.723,11.268,9.862,9.755,10.749,6.556,5.212999999999999,4.9689999999999985,0.738,11.913,2.264,9.273,5.0680000000000005,7.794,3.44,1.134,14.36,9.662,10.071,4.756,12.075,1.798,7.415,2.484,4.203,8.607000000000001,8.219,8.913,9.246,11.0,0.978,9.059,8.651,0.789,8.07,8.559,2.213,10.219,5.7879999999999985,4.971,8.65,11.607,4.874,9.592,10.296,11.072,9.933,7.622000000000001,4.863,5.542999999999998
pc_040,4.377,8.263,4.884,8.397,13.586,8.221,0.843,7.914,10.946,15.195,9.127,10.97,9.262,10.456,5.416,6.724,9.72,5.904,5.582999999999998,8.093,9.909,6.108,12.16,4.37,10.069,9.099,9.92,10.169,10.112,6.098,4.359,7.0310000000000015,8.149,6.95,10.518,4.565,9.715,11.012,1.753,0.177,0.0,1.071,10.077,11.98,9.811,10.883,9.117,3.532,11.114,1.391,8.62,8.124,1.2919999999999998,5.041,3.744,11.29,9.883,9.776,10.771,6.5779999999999985,5.234,4.9910000000000005,0.759,11.935,2.286,9.294,5.09,7.815,3.462,1.155,14.382,9.684,10.093,4.777,12.095999999999998,1.82,7.436,2.505,4.224,8.628,8.24,8.934,9.267,11.021,1.069,9.08,8.673,0.81,8.092,8.58,2.234,10.24,5.809,4.993,8.671,11.628,4.896,9.613,10.317,11.093,9.954,7.644,4.884,5.564
pc_041,3.86,7.746,4.367,7.846,13.035,7.704,0.978,7.87,10.902,14.644,8.611,10.454,8.746,9.939,4.899,6.207000000000002,9.203,5.3870000000000005,5.067,7.576,9.393,5.5920000000000005,11.643,3.854,9.552,8.583,9.404,9.652,10.068,5.581,3.842,6.987,7.6320000000000014,6.433,10.001,4.049,9.199,10.495,1.237,1.211,1.182,0.0,9.561,11.463,9.295,10.367,9.072,3.015,10.597,0.8740000000000001,8.103,7.608,1.606,4.525,3.228,10.773,9.366,9.26,10.254,6.061,4.718,4.474,1.073,11.418,1.769,8.777000000000001,4.573,7.298999999999999,2.945,0.8290000000000001,13.83,9.167,9.576,4.261,11.579,1.494,6.92,1.989,3.708,8.584,7.724,8.418,8.75,10.505,2.103,8.564,8.629,1.124,7.575,8.064,1.328,9.724,5.292999999999998,4.476,8.155,11.112,4.379,9.096,9.801,10.577,9.438,7.093,4.368,5.047
pc_042,5.233,3.009,6.001,6.457999999999998,9.811,2.22,9.609,5.438,7.0360000000000005,11.42,3.874,2.589,4.009,2.602,5.209,5.24,1.111,4.454,3.865,1.933,4.6560000000000015,4.595,6.907,6.558,2.215,1.787,2.8160000000000003,1.0659999999999998,6.3039999999999985,2.0,6.244,6.303,2.064,4.0139999999999985,1.415,5.7189999999999985,4.684,5.757999999999999,7.851,9.842,9.813,8.854,0.0,8.587,3.338,3.029,5.408,5.843,5.8610000000000015,8.551,4.3660000000000005,2.8710000000000004,9.892,5.7360000000000015,6.547999999999999,7.737,2.029,2.571,2.028,4.113,4.176,6.856,10.111,4.788,7.57,4.041,6.955,4.61,6.5939999999999985,9.169,10.606,4.431,1.216,4.8889999999999985,4.742,8.505,4.43,8.095,5.994,5.267,2.987,3.681,4.0139999999999985,5.768,10.321,3.301,5.965,9.843,2.838,3.327,8.472999999999999,5.209,2.18,6.858,3.418,6.375,5.649,4.629,2.464,4.007,4.7010000000000005,6.3679999999999986,6.75,4.913
pc_043,9.577,7.423999999999999,7.417000000000002,5.165,1.336,9.012,13.252,4.923,2.257,2.945,5.606,12.044,5.395,6.95,9.553,6.3210000000000015,9.411,9.137,8.548,8.383,4.761,7.2879999999999985,1.986,10.903,6.768,8.26,5.686,9.339,2.7710000000000004,8.45,9.102,5.707999999999998,9.222,8.359,8.224,7.411,4.438,2.867,12.196,13.485,13.456,12.661,9.219,0.0,6.2360000000000015,5.82,5.2810000000000015,10.188,3.848,12.896,10.768,6.3260000000000005,11.875,10.081,8.607999999999999,1.136,7.686,10.85,9.593,7.367000000000001,11.515,13.435,12.001,3.964,11.914,5.435,13.534,11.012,9.451,11.86,2.131,4.802,9.855,12.227,4.995,11.196,5.625,9.948,9.228,4.368,6.6770000000000005,5.711,5.26,3.069,12.492,6.4060000000000015,4.96,11.733,6.917999999999998,6.22,12.818,3.151,8.629,13.437,6.662000000000001,2.9410000000000003,7.372999999999998,4.933,7.016,4.868,4.668,5.363,13.329,9.258
pc_044,5.742000000000001,2.106,6.51,5.4460000000000015,6.795,5.212999999999999,10.118,3.985,5.347,8.405,1.539,5.773,1.944,2.893,5.718,5.749,3.815,4.964,4.375,4.584,1.305,5.104,3.826,7.068,2.211,3.597,0.359,3.31,4.788,4.651,6.752999999999999,4.624,5.424,4.523,3.667,6.229,2.441,2.678,8.361,10.352,10.322,9.363,3.364,5.506,0.0,1.433,4.396,6.353,2.78,9.061,6.9689999999999985,2.514,10.401,6.246,7.057,4.657,3.129,7.051,3.903,4.622,6.694,7.688,10.62,2.376,8.079,1.461,7.787000000000001,7.212999999999999,7.103,9.679,7.591,1.533,3.92,6.819,2.537,9.014,2.977,8.605,6.502999999999999,4.256,2.4290000000000003,2.446,1.286,2.688,10.83,0.631,4.953,10.352,2.059,2.092,8.982999999999997,3.398,4.83,7.69,1.331,3.294,6.159,2.052,2.46,1.534,1.63,5.356,7.582000000000002,5.422999999999999
pc_045,6.702000000000001,2.799,7.4689999999999985,7.103,7.087999999999999,6.1720000000000015,11.078,6.549,6.362,8.697000000000001,2.717,5.098,3.793,1.46,6.6770000000000005,6.707999999999998,3.704,5.922999999999999,5.334,5.542999999999998,1.889,6.063,4.043,8.027000000000001,1.277,3.256,1.208,2.969,5.803,5.6110000000000015,7.712999999999999,7.332999999999998,6.382999999999999,5.483,2.733,7.188,3.5860000000000003,2.894,9.32,11.311,11.282,10.323,3.023,5.799,1.43,0.0,6.0520000000000005,7.312,3.795,10.02,7.9289999999999985,3.532,11.361,7.205,8.016,4.95,2.196,5.561,3.228,5.582000000000002,7.654,8.648,11.58,1.833,9.039,2.6060000000000003,8.747,8.172,8.062999999999999,10.638,7.883999999999999,2.607,3.579,7.778,1.787,9.974,4.122,9.564,7.462999999999999,5.912000000000001,3.3680000000000003,3.465,2.431,2.904,11.79,1.664,6.61,11.312,2.689,3.111,9.942,5.0539999999999985,5.5,8.65,2.451,3.641,7.1179999999999986,3.1260000000000003,1.526,1.481,2.7460000000000004,7.0120000000000005,8.542,6.3820000000000014
pc_046,5.455,4.169,3.087,1.288,5.905,6.096,8.922,0.593,2.636,7.515,3.01,9.127,2.501,6.362,5.43,1.99,6.495,2.9810000000000003,4.087,5.466,3.297,2.957,3.691,6.234,5.975,5.005,4.266,6.084,1.802,5.534,4.771,1.3769999999999998,6.306,4.2360000000000015,6.369,3.0810000000000004,1.479,3.499,6.782,9.155,9.125,8.33,5.964,4.343,4.396,5.2,0.0,5.395,2.577,7.482,7.852,3.145,7.545,5.957999999999998,4.277,3.654,5.789,7.934,6.6770000000000005,3.037,6.407,6.854,7.671,5.579,6.5,2.7060000000000004,6.9529999999999985,8.095,5.121,7.53,8.38,2.863,6.6,6.5310000000000015,5.915,6.865,1.295,6.29,4.897,0.318,3.4960000000000004,2.53,2.656,3.145,8.161,3.663,0.795,7.403,3.998,3.039,7.404,1.419,5.1,6.856,3.835,4.1160000000000005,3.042,2.994,6.223,4.912,2.73,1.197,6.747999999999998,5.135
pc_047,0.845,4.731,2.327,5.816,10.897,4.689,3.766,5.152,8.129,12.507,5.596,7.439,5.731,6.924,1.884,3.516,6.188,2.697,2.052,4.561,6.377999999999999,2.901,8.628,0.8390000000000001,6.537000000000001,5.568,6.3889999999999985,6.6370000000000005,7.295,2.5660000000000003,0.8270000000000001,4.449,4.617,3.418,6.9860000000000015,2.008,6.332000000000002,7.48,2.008,3.999,3.969,3.011,6.546,10.309,6.28,7.352,6.299,0.0,7.582000000000002,2.708,5.088,4.593,4.013,1.51,1.883,9.459,6.351,6.245,7.239,3.37,1.703,1.459,4.232,8.402999999999999,1.726,5.7620000000000005,1.558,4.284,0.968,2.82,11.693,6.152,6.561,1.246,8.564,2.6260000000000003,4.982,2.013,0.693,5.811,4.709,5.403,5.735,7.49,4.442,5.549,6.2879999999999985,3.964,4.56,5.049,2.63,6.857,2.278,1.461,5.14,8.097000000000001,2.256,6.692,6.7860000000000005,7.562,6.422999999999999,5.062,1.3530000000000002,2.032
pc_048,6.858,4.131,7.626,3.624,5.2,6.22,11.234000000000002,3.071,2.884,6.809,2.027,9.252,2.01,4.734,6.834,4.399,6.7860000000000005,6.08,5.4910000000000005,5.591,1.018,6.22,2.343,8.184,4.552,5.202000000000001,2.83,6.2810000000000015,2.325,5.658,7.869,3.855,6.43,5.6389999999999985,6.566,7.345,1.712,1.028,9.477,11.468,11.438,10.479,6.087999999999999,3.911,2.494,3.084,2.574,7.4689999999999985,0.0,10.177,7.976,3.63,10.023,7.3610000000000015,8.173,3.0610000000000004,5.47,8.058,6.874,4.683,7.81,10.643,11.736,3.108,9.195,1.856,10.742,8.22,8.219,10.795,5.995,1.548,6.891,7.935,3.444,10.13,2.883,9.721,7.619,2.434,3.545,2.445,1.681,0.674,11.946,2.664,3.132,11.468,3.175,3.208,10.099,1.5759999999999998,5.8370000000000015,10.645,2.919,1.644,7.275,1.679,4.8,2.441,1.414,3.534,10.537,6.5379999999999985
pc_049,3.5410000000000004,7.427,4.048,7.527,12.716,7.385,1.612,7.044,10.076,14.325,8.291,10.134,8.426,9.62,4.58,5.888,8.884,5.0680000000000005,4.747,7.2570000000000014,9.073,5.272,11.324000000000002,3.534,9.233,8.263,9.084,9.333,9.241,5.2620000000000005,3.523,6.16,7.313,6.114,9.682,3.729,8.879,10.176,0.917,1.846,1.816,1.021,9.241,11.144,8.975,10.047,8.246,2.696,10.278,0.0,7.784,7.2879999999999985,2.016,4.205,2.908,10.454,9.047,8.94,9.935,5.742000000000001,4.399,4.155,1.7080000000000002,11.099,1.45,8.458,4.254,6.979,2.6260000000000003,0.667,13.511,8.847999999999997,9.257,3.941,11.26,1.332,6.601,1.67,3.388,7.757999999999999,7.404,8.097999999999999,8.431000000000001,10.185,2.229,8.244,7.802,1.709,7.256,7.745,1.395,9.404,4.973,4.157,7.835,10.792,4.06,8.777000000000001,9.482,10.257,9.119,6.773,4.048,4.728
pc_050,5.251,5.569,8.561,9.011,11.802,2.607,8.844,7.991,9.589,13.412,6.434,4.926,6.569,7.762,4.998,7.8,4.539,7.0139999999999985,6.425,3.49,7.216,7.155,10.047,4.925,7.376,6.4060000000000015,7.227,5.083,8.857000000000003,3.5580000000000003,5.905,8.63,2.817,5.007,5.433,8.279,7.237,8.318,7.086,9.077,9.048,8.089,4.598,10.932,7.1179999999999986,8.19,7.961,5.078,8.421,7.786,0.0,5.431,9.091,4.248,6.961,10.243,7.19,4.445,5.632999999999999,6.672999999999999,3.509,5.43,8.939,9.241,6.805,6.601,5.529,2.069,6.046,7.899,12.598,6.9910000000000005,4.644,4.222,9.403,7.704,6.983,7.0920000000000005,5.771,7.8210000000000015,5.5470000000000015,6.2410000000000005,6.574,8.328,9.52,6.3870000000000005,8.517999999999999,9.042,5.398,5.8870000000000005,7.707999999999998,7.762,3.737,5.432,5.978,8.935,8.209,7.135,7.624,8.4,7.261,8.921,5.324,5.146
pc_051,4.0539999999999985,2.205,4.8210000000000015,4.402,7.534,4.645,8.43,3.342,5.218,9.143,0.865,5.939,0.943,3.702,4.03,4.061,3.981,3.275,2.6860000000000004,4.016,2.61,3.4160000000000004,4.678,5.379,3.315,2.398,2.6210000000000004,3.477,4.659,4.083,5.065,3.981,4.856,2.835,3.762,4.54,1.867,3.713,6.6720000000000015,8.663,8.634,7.675,3.531,6.245,2.4130000000000003,3.53,3.352,4.664,2.832,7.372000000000001,6.401,0.0,8.713,4.557,5.369,5.395,3.182,6.483,4.069,2.934,5.006,9.069,8.932,4.636,6.391,0.975,9.168,6.645,5.415,7.99,8.329,1.5659999999999998,4.087,5.13,4.797,7.326,2.334,6.916,4.815,3.212,0.35100000000000003,0.615,1.146,3.723,9.142,1.7819999999999998,3.909,8.664,1.249,0.532,7.294,2.989,4.263,9.071,1.3730000000000002,4.329,4.47,1.6369999999999998,3.564,3.794,1.837,4.312,8.963,3.734
pc_052,4.5760000000000005,8.798,4.62,7.569,12.757,8.42,1.862,7.086,10.118,14.367,9.662,11.17,9.797,10.991,5.6160000000000005,6.555,9.92,5.735,5.783,8.293,10.444,5.939,11.172,4.57,10.604,9.634,10.455,10.368,9.283,6.297999999999999,4.4289999999999985,6.202000000000001,8.349,7.485,10.998,4.396,8.961,11.547,1.953,1.531,2.066,1.271,10.277,11.825,10.345999999999998,11.418,8.288,3.731,10.058,1.591,8.82,8.658999999999999,0.0,5.2410000000000005,3.575,11.135,10.418,9.976,11.306,6.409,5.434,5.19,0.7490000000000001,12.47,2.486,9.829,5.289,8.015,3.973,1.348,13.553,10.219,10.292,4.977,12.630999999999998,1.594,7.374,2.356,4.555,7.8,8.775,9.469,9.802,11.556,0.918,9.615,7.8439999999999985,0.481,8.627,9.116,2.434,8.901,6.009,5.192,9.206,12.163,4.727,9.444,10.853,11.628,10.49,6.815,5.084,5.7639999999999985
pc_053,1.21,4.91,4.329,5.995,11.132,3.864,4.907,5.155,8.132,12.742,5.775,6.614,5.91,7.103,1.461,3.519,4.855,2.783,2.231,3.026,6.557,2.904,8.807,1.223,6.716,5.806,6.568,4.753,7.297999999999999,2.359,1.81,4.628,3.793,2.684,5.102,4.048,6.973,7.659,3.149,5.14,5.11,4.152,4.914,10.488,6.459,7.5310000000000015,6.3020000000000005,1.141,7.761,3.849,4.2639999999999985,4.771,5.154,0.0,2.866,9.638,6.53,5.42,5.949,3.111,0.7390000000000001,1.957,5.372999999999998,8.582,2.867,5.941,2.056,3.459,2.109,3.961,11.928,6.331,5.7360000000000015,0.519,8.743,3.767,4.985,3.155,1.676,5.814,4.888,5.582000000000002,5.914,7.669,5.582999999999998,5.728,6.291,5.105,4.739,5.228,3.771,7.497999999999998,2.071,1.959,5.319,8.275,3.978,6.409,6.965,7.741,6.602,5.2410000000000005,1.85,1.609
pc_054,2.904,5.801,1.751,5.476,11.115,6.747999999999998,4.4110000000000005,5.194,8.171,12.725,6.666,9.497,6.4670000000000005,7.994,3.415,3.5580000000000003,8.247,2.738,3.3760000000000003,6.62,7.447999999999999,2.943,9.36,2.897,7.607,6.638,7.459,7.717,7.336,4.708,1.435,4.109,6.676,4.488,8.002,1.432,6.55,8.55,2.437,4.644,4.615,3.819,7.771,10.245,7.35,8.422,6.341,2.059,8.025,3.137,7.147,5.6629999999999985,3.742,3.568,0.0,9.555,7.421,8.302999999999999,8.309,3.412,3.762,3.518,3.961,9.473,2.156,6.6720000000000015,3.617,6.3420000000000005,0.979,3.019,11.911,6.658,8.62,3.304,9.634,2.355,5.024,1.945,1.561,5.853,5.779,6.653,6.621,8.593,4.171,6.619,5.751,3.693,5.63,6.119,3.059,7.075,4.419,3.52,6.21,9.167,1.567,6.447,7.856,8.632,7.114,4.722,3.412,3.452
pc_055,8.866,6.582999999999998,6.705,4.7410000000000005,2.406,8.3,12.54,4.212,2.091,4.015,4.766,11.332,4.555,6.11,8.841000000000003,5.609,8.699,8.297,7.707999999999998,7.671,3.92,6.5760000000000005,1.146,10.191,5.9270000000000005,7.419,5.732,8.289,2.06,7.737999999999999,9.877,4.996,8.511000000000001,7.647,7.382999999999999,6.699,3.597,2.026,11.484000000000002,12.774,12.744000000000002,11.949000000000002,8.169,1.117,5.396,4.98,4.441,9.476,3.008,12.184,10.056,5.4860000000000015,11.164,9.369,7.896,0.0,6.845,10.138,8.881,6.6560000000000015,10.803,12.724,11.29,3.123,11.203,4.5939999999999985,12.823,10.3,8.74,11.149,3.202,3.962,8.805,11.515999999999998,4.155,10.484000000000002,4.914,9.236,9.627,3.656,6.447,4.871,4.419,2.228,11.78,5.566,4.248,11.022,6.077000000000001,5.38,12.106,2.439,7.917999999999998,12.726,5.8210000000000015,2.101,6.6610000000000005,4.093,6.176,4.027,3.828,4.651,12.618,8.546
pc_056,5.705,3.4810000000000003,6.472,6.93,8.972999999999997,5.175,10.081,5.91,7.5070000000000014,10.583,4.346,2.902,4.481,1.4240000000000002,5.68,5.711,1.508,4.926,4.337,3.25,3.687,5.066,5.928,7.03,1.037,2.259,2.45,1.097,6.776,3.318,6.716,6.774,5.386,4.4860000000000015,0.5379999999999999,6.191,5.155,4.779,8.323,10.314,10.285,9.326,2.026,7.684,2.972,2.186,5.88,6.315,5.681,9.023,6.932,3.343,10.364,6.207999999999998,7.019,6.835,0.0,3.365,1.033,4.585,6.657,7.651,10.583,3.718,8.042,4.512,7.75,7.175,7.066,9.641,9.769,3.999,1.974,6.7810000000000015,3.672,8.977,4.901,8.567,6.466,5.739,3.459,4.1530000000000005,3.583,4.789,10.793,2.9360000000000004,6.437,10.315,3.085,3.799,8.945,5.681,3.497,7.653,2.846,5.526,6.121,4.198,1.286,3.367,4.27,6.84,7.545,5.385
pc_057,6.388,5.542000000000002,8.533,8.984,11.775,2.427,9.981,7.963999999999999,9.561,13.384,6.407,1.31,6.542000000000002,4.569,5.791,7.772,2.105,6.987,6.398,3.4760000000000004,7.188,7.127000000000002,10.02,6.063,4.182,4.524,4.783,2.5540000000000003,8.83,3.543,7.042999999999998,8.603,2.0,4.98,3.169,8.224,7.209,8.291,8.224,10.215,10.185,9.226,2.627,10.905,5.305,4.996,7.934,6.216,8.392999999999999,8.924,4.263,5.403,10.228,5.385,8.099,10.215,3.3760000000000003,0.0,2.5860000000000003,6.645,4.647,6.568,10.447,6.755,7.942,6.573,6.667000000000002,4.507,7.183,9.036,12.571,6.962999999999999,1.724,5.36,6.709,8.842,6.955,8.229,6.909,7.792999999999998,5.52,6.214,6.546,8.301,10.658,5.268,8.491,10.179,5.371,5.86,8.846,7.735,3.722,6.57,5.9510000000000005,8.907,8.472000000000001,7.107,4.431,5.974,7.234,8.894,6.4620000000000015,5.939
pc_058,6.455,4.232,7.223,7.68,10.472,3.366,10.831,6.6610000000000005,8.258,12.081,5.096,2.112,5.231,3.054,6.431,6.4620000000000015,1.224,5.6770000000000005,5.088,3.35,4.504,5.817,8.129,7.7810000000000015,2.667,3.009,3.268,1.31,7.527,3.417,7.466,7.525,3.209,5.2360000000000015,0.825,6.942,5.9060000000000015,6.981,9.074,11.065,11.035,10.076,1.997,9.809,3.79,3.4810000000000003,6.63,7.066,7.082999999999998,9.774,7.682,4.093,11.114,6.959,7.77,8.959,1.033,2.575,0.0,5.335,7.407,9.027,11.333,5.24,8.792,5.263,9.126,7.926,7.816,10.392,11.267,5.653,2.074,7.532,5.194,9.727,5.652,9.318,7.216,6.49,4.209,4.9030000000000005,5.2360000000000015,6.99,11.543,3.753,7.188,11.065,4.061,4.55,9.696,6.431,3.597,9.029,3.664,7.597,6.872000000000001,5.852,2.9160000000000004,4.459,5.924,7.59,8.921,6.136
pc_059,2.652,2.7460000000000004,2.76,4.227,8.305,4.709,7.3210000000000015,2.5980000000000003,5.575,9.914,4.033,7.124,3.656,4.939,2.628,1.554,5.166,1.214,1.285,3.137,4.393,1.19,6.549,3.978,4.553,3.583,4.404,4.662,4.7410000000000005,2.5860000000000003,3.004,2.617,4.92,1.433,4.947,2.479,3.739,6.1370000000000005,5.347,7.5539999999999985,7.524,6.729,4.716,7.435,4.295,5.367000000000001,3.746,3.628,5.214,6.0470000000000015,6.466,2.608,6.651,3.155,3.307,6.745,4.367,6.547999999999999,5.254,0.0,3.604,4.598,6.87,6.417999999999998,5.066,3.861,4.697,6.709,3.354,5.9289999999999985,9.1,3.848,5.272,3.729,6.58,5.2639999999999985,2.086,4.855,3.13,3.257,2.724,3.842,3.811,5.782,7.081,3.564,3.734,6.602,2.575,3.064,5.9689999999999985,4.2639999999999985,2.297,4.6,3.155,6.752999999999999,2.4090000000000003,3.637,4.801,5.577000000000001,4.303,3.23,4.492,2.333
pc_060,2.193,5.045,4.464,6.129,12.474,3.1260000000000003,5.5779999999999985,5.289,8.267000000000001,14.084,5.909,5.875,6.145,7.338999999999999,1.596,3.654,4.117,2.918,2.365,2.287,6.792000000000002,3.039,8.942,1.416,6.29,5.067,6.702000000000001,4.6610000000000005,7.432,2.296,3.259,4.763,3.054,2.818,5.011,4.183,6.813,7.794,3.82,5.812,5.782,4.823,4.176,10.622,6.694,7.104,7.537000000000001,1.841,7.896,4.52,3.525,4.9060000000000015,5.825,0.7390000000000001,4.315,10.914,6.665,4.681,5.211,3.245,0.0,2.15,6.044,8.717,3.539,6.1770000000000005,2.249,2.72,2.78,4.633,13.27,6.466,4.998,0.713,8.979,4.438,5.119,3.826,2.5340000000000003,5.949,5.022,5.817,6.15,7.803,6.254,5.862,6.425,5.776,4.874,5.363,4.442,7.337999999999999,2.2,2.152,5.4529999999999985,8.511000000000001,4.112,6.711,6.539,7.976,6.837999999999999,5.376,2.044,1.744
pc_061,2.031,5.917000000000002,3.609,7.002000000000002,14.246,4.898,4.808,6.433,9.139,15.855,6.7810000000000015,7.647,6.916,8.11,3.07,4.798,6.397,3.978,3.238,4.77,7.563,4.183,9.814,2.271,7.723,7.55,7.574,6.845,8.576,4.7780000000000005,2.109,5.635,4.8260000000000005,4.604,7.195,3.29,9.68,8.666,3.05,5.041,5.012,4.053,6.658,13.376,7.465,8.537,7.309,1.2819999999999998,8.767999999999999,3.75,5.2970000000000015,5.778,5.055,2.327,3.165,12.686,7.537000000000001,6.4529999999999985,7.693,4.652,4.773,0.0,5.274,9.589,2.768,6.948,0.099,4.492,2.01,3.862,15.042,7.337999999999999,6.77,2.678,9.75,3.668,6.263,3.056,1.975,7.093,5.894,6.589,6.921,8.676,5.484,6.735,7.569,5.006,5.746,6.235,3.672,10.206,4.682,0.625,6.3260000000000005,9.282,3.5380000000000003,7.537000000000001,7.972,8.747,7.609,6.247999999999998,0.382,3.218
pc_062,4.045,7.931,4.552,7.855,13.044,7.8889999999999985,1.331,7.372000000000001,10.404000000000002,14.653,8.796,10.639,8.931000000000003,10.124,5.084,6.392,9.388,5.572,5.252000000000002,7.761,9.578,5.777,11.459,4.039,9.737,8.767999999999999,9.589,9.837,9.57,5.766,4.027,6.489,7.817,6.6179999999999986,10.186,4.234,9.248,10.68,1.422,1.564,1.535,0.7390000000000001,9.746,12.112,9.48,10.552,8.575,3.2,10.345,1.0590000000000002,8.288,7.792999999999998,0.75,4.71,3.769,11.422,9.551,9.445,10.439,6.246,4.9030000000000005,4.659,0.0,11.603,1.954,8.963,4.758,7.484,3.13,0.8240000000000001,13.84,9.352,9.761,4.4460000000000015,11.764,1.556,7.661,2.318,3.893,8.086,7.909,8.603,8.935,10.69,0.774,8.749,8.131,0.268,7.76,8.249,1.903,9.188,5.478,4.6610000000000005,8.34,11.297,4.564,9.281,9.986,10.762,9.623,7.102,4.553,5.232
pc_063,7.853,4.529,8.621,6.814,5.255,7.324,12.229,6.26,5.207999999999998,6.864,3.65,6.624,4.055,2.986,7.829,7.86,5.204,7.074,6.485,6.695,2.7710000000000004,7.215,2.9610000000000003,9.178,2.804,4.9860000000000015,2.422,4.699,4.98,6.7620000000000005,8.863999999999997,7.044,7.534,6.634,4.26,8.34,4.901,2.402,10.470999999999998,12.463,12.433,11.474,4.753,3.966,2.363,1.856,5.763,8.464,3.303,11.171,9.08,4.625,12.512,8.356,9.168,3.117,3.722,7.0870000000000015,4.754,6.733,8.805,13.011,12.731,0.0,10.19,3.571,13.11,9.324,9.214,11.79,6.051,3.54,5.309,8.929,1.031,11.125,5.087,10.715,8.613999999999999,5.622999999999998,4.54,4.557,3.397,2.412,12.941,2.975,6.3210000000000015,12.463,4.17,4.203,11.093,4.99,6.941,9.801,3.676,1.808,8.269,4.059,3.052,0.904,3.628,6.723,11.640999999999998,7.532999999999999
pc_064,2.574,6.46,3.0810000000000004,6.56,11.749,6.417999999999998,2.522,6.077000000000001,9.109,13.358,7.325,9.167,7.46,8.652999999999999,3.613,4.921,7.917000000000002,4.101,3.781,6.29,8.106,4.306,10.357,2.567,8.266,7.296,8.117,8.366,8.275,4.295,2.556,5.194,6.346,5.147,8.715,2.762,7.9129999999999985,9.209,0.765,2.756,2.7260000000000004,1.767,8.275,10.177,8.009,9.08,7.279,1.729,9.311,1.465,6.817,6.3210000000000015,2.926,3.239,1.942,9.487,8.08,7.974,8.968,4.775,3.432,3.188,2.6180000000000003,10.132,0.0,7.491,3.287,6.0120000000000005,1.659,1.577,12.544,7.881,8.29,2.974,10.293,1.412,5.634,1.185,2.422,6.791,6.438,7.1320000000000014,7.463999999999999,9.219,3.139,7.278,6.836,2.619,6.289,6.778,1.3869999999999998,8.437999999999999,4.007,3.19,6.869,9.825,3.093,7.81,8.515,9.29,8.152000000000001,5.807,3.082,3.761
pc_065,5.185,2.497,5.952000000000001,3.737,6.547999999999999,4.619,9.561,2.7460000000000004,4.232,8.157,0.171,7.651,0.483,3.507,5.16,3.253,5.018,4.4060000000000015,3.817,3.99,1.44,4.546,3.692,6.51,2.9960000000000004,3.529,1.7819999999999998,4.6080000000000005,3.673,4.057,6.1960000000000015,3.385,4.83,3.966,4.893,5.671,1.202,2.407,7.803,9.794,9.765,8.806000000000003,4.488,5.259,1.5730000000000002,2.6060000000000003,2.687,5.795,1.858,8.503,6.375,0.975,9.844,5.688,6.499,4.409,4.313,6.457000000000002,5.2,4.065,7.122000000000001,9.043,10.063,3.584,7.522,0.0,9.142,6.619,6.546,9.121,7.343,0.5920000000000001,5.124,7.835,3.745,8.457,1.7380000000000002,8.047,5.9460000000000015,2.546,1.325,0.589,0.171,2.417,10.273,1.178,3.244,9.795,1.541,0.868,8.425,2.323,4.237,9.045,1.665,3.024,5.601,0.662,3.245,2.7430000000000003,0.862,3.647,8.937000000000003,4.865
pc_066,1.922,5.809,3.5,6.893,14.138,4.789,4.699,6.325,9.031,15.747,6.672999999999999,7.539,6.808,8.001,2.962,4.69,6.2879999999999985,3.87,3.129,4.6610000000000005,7.455,4.074,9.706,2.1630000000000003,7.615,7.441,7.466,6.737,8.468,4.67,2.0,5.527,4.717,4.495,7.086,3.181,9.572,8.557,2.942,4.933,4.9030000000000005,3.944,6.55,13.268,7.357,8.429,7.2010000000000005,1.173,8.66,3.642,5.189,5.67,4.9460000000000015,2.218,3.056,12.578,7.4289999999999985,6.345,7.585,4.544,4.664,0.379,5.165,9.481,2.66,6.84,0.0,4.384,1.901,3.754,14.933,7.23,6.6610000000000005,2.57,9.642,3.56,6.155,2.947,1.866,6.984,5.7860000000000005,6.48,6.813,8.567,5.376,6.626,7.461,4.897,5.638,6.126,3.564,10.097,4.574,0.517,6.2170000000000005,9.174,3.429,7.428,7.862999999999999,8.639,7.5,6.14,0.273,3.11
pc_067,4.455,4.3610000000000015,6.609,7.803,10.594,1.378,8.048,6.783,8.38,12.203,5.226,4.41,5.36,6.5539999999999985,3.858,6.591,3.3310000000000004,5.806,5.2170000000000005,2.282,6.0070000000000014,5.9460000000000015,8.839,4.129,6.167000000000002,5.197,6.018,3.875,7.649,2.349,5.109,7.4220000000000015,1.589,3.799,4.224,6.29,6.028,7.11,6.29,8.281,8.252,7.292999999999998,3.389,9.724,5.91,6.981,6.752999999999999,4.282,7.2120000000000015,6.99,1.969,4.222,8.295,3.452,6.165,9.034,5.981,3.216,4.424,5.464,2.713,4.634,8.514,8.033,6.007999999999999,5.392,4.7330000000000005,0.0,5.25,7.102,11.389,5.782,3.533,3.426,8.193999999999999,6.908,5.774,6.296,4.975,6.612,4.339,5.033,5.365,7.12,8.724,5.1789999999999985,7.31,8.246,4.19,4.6789999999999985,6.912000000000001,6.553,2.623,4.636,4.77,7.726,7.001,5.926,6.416,7.191,6.053,7.712999999999999,4.5280000000000005,4.006
pc_068,1.8,5.678,1.6269999999999998,5.91,10.992,5.644,3.707,5.07,8.047,12.601,6.542000000000002,8.392999999999999,6.343,7.87,2.952,3.435,7.143,2.615,2.9130000000000003,5.516,7.324,2.819,9.236,1.793,7.484,6.5139999999999985,7.335,7.593,7.212999999999999,3.5210000000000004,0.934,3.661,5.572,4.365,7.877999999999999,1.308,6.426,8.426,1.95,3.941,3.911,2.952,7.647,10.122,7.226,8.298,6.218,0.955,7.901,2.65,6.042999999999998,5.539,3.738,2.464,1.183,9.432,7.297999999999999,7.2,8.185,3.2880000000000003,2.658,2.218,3.957,9.35,1.668,6.547999999999999,2.317,5.238,0.0,3.016,11.787,6.534,7.516,2.2,9.511,2.351,4.9,1.941,1.06,5.729,5.655,6.529,6.497999999999998,8.469,4.167,6.495,6.206,3.689,5.5070000000000014,5.995,2.572,6.9510000000000005,3.233,2.22,6.086,9.043,1.444,6.324,7.732,8.508,6.99,5.1560000000000015,2.112,2.989
pc_069,3.668,7.5539999999999985,4.017,7.524,12.713,7.512,1.392,7.041,10.073,14.322,8.418,10.261,8.552999999999999,9.747,4.707,5.857,9.011,5.037,4.874,7.383999999999999,9.2,5.2410000000000005,11.128,3.661,9.36,8.39,9.211,9.46,9.238,5.3889999999999985,3.731,6.158,7.44,6.7860000000000005,9.809,3.698,8.847999999999997,10.303,1.044,1.625,1.595,0.8,9.368,11.78,9.102,10.174,8.243,2.823,10.013,0.682,7.911,7.415,1.349,4.332,2.877,11.09,9.174,9.067,10.062,5.71,4.525,4.282,1.31,11.226,1.577,8.585,4.381,7.106,3.275,0.0,13.508,8.975,9.384,4.0680000000000005,11.387,0.665,7.659,1.526,3.857,7.755,7.5310000000000015,8.225,8.558,10.312,1.5619999999999998,8.371,7.8,1.042,7.382999999999999,7.872000000000001,1.856,9.373,5.1,4.284,7.9620000000000015,10.919,4.029,8.746,9.608,10.384,9.245,6.771,4.175,4.855
pc_070,11.261,8.769,9.101,6.5070000000000014,1.25,10.695,14.894,6.607,3.574,1.5219999999999998,7.534,13.727,7.322999999999999,9.015,11.237,8.005,11.095,8.996,9.894,10.066,6.688,8.971,4.051,12.587,8.832,9.605,8.5,10.684,4.455,10.134,10.785,7.392,10.906,10.042,10.969,9.095,6.365,4.932,12.754,15.127,15.097,14.302,10.564,2.129,8.164,7.885,6.317,11.872,5.776,13.454,12.452,8.254,13.517,11.764,10.291,3.201,10.389,12.534,11.277,9.051,13.198,15.119000000000002,13.643,6.028,12.472,7.362,15.218,12.695,10.399,13.502,0.0,6.73,11.2,13.911,7.06,12.838,7.309,12.262,10.911,5.896,9.215,7.6389999999999985,7.188,5.132999999999999,14.133,8.334,7.2429999999999986,13.375,8.845,8.148,13.376,4.834,10.313,15.121,8.589,5.006,9.057,6.8610000000000015,9.081,6.932,6.596,7.046,15.013,10.941
pc_071,5.615,2.888,6.382999999999999,3.913,6.063,5.06,9.991,3.359,3.747,7.6720000000000015,0.763,8.092,0.85,3.749,5.591,3.239,5.459,4.836,4.247,4.431,1.237,4.977,3.207,6.94,3.238,3.959,2.024,5.038,3.188,4.498,6.626,4.144,5.27,4.396,5.323,6.101,1.187,2.204,8.232999999999999,13.13,13.101,12.142,4.928,4.774,1.533,2.61,2.863,6.225,1.55,11.839,6.816,1.5659999999999998,10.274,6.1179999999999986,6.93,3.924,4.743,6.898,5.63,3.523,7.562,9.483,10.493,3.646,7.952000000000001,0.5920000000000001,9.582,7.06,6.976,9.551,6.858,0.0,5.564,8.275,3.807,8.887,1.723,8.477,6.376,2.722,1.917,1.181,0.417,2.1180000000000003,10.703,1.421,3.42,10.225,1.932,1.46,11.761,1.865,4.677,9.485,1.676,2.821,6.0310000000000015,0.519,3.487,2.804,0.659,3.823,9.377,5.295
pc_072,6.5920000000000005,4.369,7.36,7.563,10.354,1.945,10.316,6.542999999999998,8.14,12.242,5.233,1.76,5.3679999999999986,3.1910000000000003,3.519,6.599,0.727,5.814,5.225,2.012,4.641,5.954,7.077000000000001,6.398,2.804,3.1460000000000004,3.405,1.175,7.409,2.079,7.377999999999999,7.662000000000001,1.788,3.559,1.525,7.079,5.7879999999999985,5.928,8.558,10.55,10.52,9.561,1.249,9.344,3.926,3.618,6.513,6.551,6.0310000000000015,9.258,4.445,4.23,10.563,4.124,7.907,8.494,1.992,1.742,1.821,5.472,4.982,6.903,10.782,5.377000000000002,8.277000000000001,5.4,7.002000000000002,4.689,7.518,9.371,11.428,5.79,0.0,5.694,5.331,9.176,5.534,8.564,7.2429999999999986,6.372000000000001,4.346,5.04,5.372999999999998,5.938,10.992,3.89,7.07,10.514,4.198,4.686,9.18,6.313,2.258,6.905,3.801,6.545,7.009,5.988,3.053,4.596,6.06,7.472,6.796,3.667
pc_073,1.233,4.843,4.262,5.928,11.07,3.866,4.93,5.088,8.065,12.679,5.707999999999998,6.615,5.843,7.0360000000000005,1.395,3.4530000000000003,4.857,2.716,2.164,3.027,6.49,2.837,8.741,1.109,6.65,5.807,6.501,4.691,7.231,2.297,1.834,4.561,3.794,2.622,5.751,3.015,6.9060000000000015,7.592,3.172,5.164,5.134,4.175,4.916,10.421,6.392,7.463999999999999,6.2360000000000015,1.165,7.695,3.872,4.265,4.705,5.1770000000000005,0.254,2.89,9.571,6.464,5.421,5.296,3.044,0.74,1.843,5.396,8.515,2.891,5.875,1.942,3.46,2.132,3.985,11.866,6.2639999999999985,5.738,0.0,8.677,3.79,4.918,3.178,1.7,5.747000000000001,4.8210000000000015,5.515,5.848,7.602,5.607,5.6610000000000005,6.224,5.127999999999999,4.672,5.1610000000000005,3.794,7.431,2.008,1.845,5.252000000000002,8.209,3.911,6.8039999999999985,6.898,7.673999999999999,6.535,5.174,1.737,1.543
pc_074,8.039,4.466,8.807,7.0,6.312,7.51,12.415,6.4460000000000015,6.259,7.921,3.836,6.561,4.2410000000000005,2.923,8.015,8.046,5.14,7.261,6.6720000000000015,6.881,2.957,7.401,4.018,9.365,2.74,4.922,2.608,4.636,5.7010000000000005,6.948,9.05,7.23,7.721,6.82,4.1960000000000015,8.526,5.088,2.792,10.658,12.649,12.619000000000002,11.66,4.69,5.023,2.549,1.793,5.95,8.65,3.693,11.358,9.266,4.811,12.698,8.543,9.354,4.173,3.658,7.024,4.691,6.919,8.991,11.934,12.917,1.056,10.376,3.758,12.033,9.51,9.4,11.976,7.107,3.726,5.246,9.116,0.0,11.311,5.274,10.902,8.8,5.809,4.726,4.743,3.583,2.801,13.127,3.162,6.5070000000000014,12.649,4.356,4.3889999999999985,11.28,4.9510000000000005,7.127000000000002,11.936,3.862,2.864,8.456,4.245,2.989,1.09,3.814,6.91,11.827,7.72
pc_075,3.495,7.435,3.352,6.907,12.095999999999998,7.338999999999999,2.056,6.424,9.456,13.705,8.3,10.088,8.434,9.628,4.534,5.192,8.838,4.372,4.702,7.211,9.081,4.577,10.511,3.488,9.241,8.271,9.092,9.287,8.622,5.216,3.067,5.541,7.267,6.122000000000001,9.636,3.033,8.183,10.184,0.664,2.29,2.26,1.465,7.124,11.163,8.984,10.055,7.627000000000002,2.65,10.286,1.346,7.737999999999999,7.296,1.596,4.159,2.213,10.474,9.055,8.894,9.943,5.046,4.353,4.109,1.556,11.107,1.685,8.466000000000001,4.208,6.933,2.61,0.665,12.890999999999998,8.856,9.211,3.895,11.268,0.0,5.905,1.269,3.193,7.138,7.412000000000001,8.107000000000001,8.439,10.194,1.809,8.253,7.183,1.288,7.2639999999999985,7.752999999999999,2.21,8.708,4.927,4.1110000000000015,7.8439999999999985,10.8,3.364,8.081,9.49,10.265,9.127,6.154,4.003,4.682
pc_076,4.447,3.366,2.789,2.492,5.979,5.292999999999998,7.786,1.095,3.766,7.588999999999999,2.069,8.325,1.693,5.559,4.422,1.693,5.692,2.684,3.079,4.664,3.793,2.66,4.186,5.772,5.1720000000000015,4.202,3.458,5.2810000000000015,3.006,4.731,4.474,1.879,5.502999999999999,3.228,5.567,2.783,1.975,3.995,5.812,8.019,7.99,7.194,5.1610000000000005,5.109,3.249,4.3180000000000005,2.011,5.057,3.072,6.5120000000000005,7.049,2.342,7.372000000000001,4.95,3.98,4.419,4.9860000000000015,7.131,5.874,2.029,5.399,6.393,7.497000000000001,6.075,5.5310000000000015,1.898,6.492000000000001,7.292999999999998,4.823,6.394,6.775,3.359,5.797999999999999,5.523,6.4110000000000005,5.73,0.0,5.32,4.6,1.523,2.693,1.727,1.847,3.64,7.987999999999999,2.854,1.999,7.229,3.195,2.236,6.434,1.939,4.092,6.395,3.033,4.6110000000000015,2.745,1.673,5.421,5.408,3.225,2.402,6.2860000000000005,4.127
pc_077,2.733,6.674,2.591,6.07,11.988,6.5779999999999985,3.0810000000000004,5.5870000000000015,8.619,13.597,7.5379999999999985,9.327,7.672999999999999,8.867,3.773,4.431,8.077,3.611,3.94,6.45,8.32,3.815,9.673,2.727,8.48,7.51,8.331,8.525,7.784,4.455,2.305,4.703,6.506,5.3610000000000015,8.874,2.272,7.4220000000000015,9.423,1.462,3.57,3.54,2.608,6.363,10.326,8.222000000000001,9.294,6.789,1.888,9.525,2.162,6.977,6.535,2.565,3.398,1.4509999999999998,9.636,8.294,8.133,9.182,4.285,3.591,3.3480000000000003,2.837,10.345999999999998,1.12,7.705,3.447,6.1720000000000015,1.849,1.945,12.054,8.095,8.449,3.134,10.507,1.28,5.144,0.0,2.431,6.301,6.651,7.345,7.678,9.432,3.089,7.491,6.345,2.568,6.502999999999999,6.992000000000001,1.645,7.947,4.166,3.35,7.082000000000002,10.039,2.603,7.32,8.729,9.504,8.366,5.316,3.241,3.921
pc_078,1.634,4.828,2.296,5.681,10.762,6.107,5.37,4.841,7.818,12.372,5.693,8.856,5.8279999999999985,7.021,2.188,3.205,5.386,2.386,2.149,4.032,6.474,2.59,8.725,2.256,6.634,5.664,6.485,6.7429999999999986,6.984,3.48,0.932,4.314,6.035,3.515,7.029,2.113,6.197,7.577000000000001,3.612,5.603,5.574,4.615,5.3889999999999985,10.405,6.377000000000002,7.447999999999999,5.988,1.418,7.6720000000000015,4.312,6.506,4.689,5.2120000000000015,2.205,1.988,9.556,6.448,7.662000000000001,7.336,3.059,3.164,2.877,5.431,8.5,3.33,5.859,2.9760000000000004,5.7010000000000005,1.662,4.489,11.558,6.249,7.979,2.6630000000000003,8.661,3.825,4.671,3.415,0.0,5.5,4.806,5.5,5.832000000000002,7.5870000000000015,5.641,5.646,5.977,5.1629999999999985,4.657,5.146,4.234,6.722,3.192,2.879,5.237,8.193,1.945,6.095,6.882999999999999,7.657999999999999,6.52,4.927,2.7710000000000004,2.225
pc_079,5.675,4.027,3.307,1.367,5.095,5.954,9.141,0.813,2.575,6.704,2.8680000000000003,8.986,2.359,6.22,5.65,2.21,6.353,3.201,4.307,5.325,3.155,3.177,3.549,6.454,5.832999999999998,4.863,4.124,5.942,1.741,5.392,4.9910000000000005,1.597,6.164,4.456,6.227,3.301,1.338,3.357,7.002000000000002,9.375,9.345,8.55,5.822,4.225,4.255,5.058,0.665,5.615,2.435,7.702000000000001,7.71,3.003,7.765,6.178,4.497,3.535,5.647,7.792000000000002,6.535,3.257,6.627000000000002,10.377,7.891,5.437,6.72,2.564,10.476,7.954,5.341,7.75,5.89,2.721,6.457999999999998,6.751,5.773,7.085,1.515,6.51,5.117,0.0,3.354,2.388,2.514,3.003,8.381,3.5210000000000004,0.8740000000000001,7.622999999999998,3.856,2.897,7.624,1.054,5.5710000000000015,10.379,3.693,3.974,3.262,2.852,6.082000000000002,4.77,2.588,1.277,10.271,5.355
pc_080,4.17,1.934,4.938,4.753,7.885,4.996,8.546,3.693,5.569,9.494,1.216,6.055,1.294,3.5380000000000003,4.146,4.177,4.097,3.391,2.802,4.367,2.526,3.532,5.0280000000000005,5.495,3.151,2.514,2.537,3.593,5.01,4.434,5.181,4.332,5.207000000000002,2.951,3.878,4.657,2.218,3.628,6.7879999999999985,8.78,8.75,7.791,3.647,6.596,2.428,3.366,3.703,4.7810000000000015,3.1830000000000003,7.487999999999999,6.752000000000002,0.35100000000000003,8.829,4.673,5.485,5.746,3.298,6.834,4.185,3.05,5.122000000000001,9.42,9.048,4.551,6.5070000000000014,1.325,9.519,6.996,5.5310000000000015,8.107000000000001,8.68,1.917,4.203,5.246,4.713,7.442,2.684,7.032,4.931,3.562,0.0,0.966,1.497,3.638,9.258,1.6969999999999998,4.26,8.78,0.978,0.435,7.41,3.34,4.613,9.422,1.288,4.245,4.586,1.988,3.399,3.71,2.188,4.663,9.313,3.85
pc_081,4.596,2.103,5.363,3.848,6.98,4.03,8.972000000000003,2.727,4.664,8.589,0.48,7.062,0.557,3.635,4.5710000000000015,3.234,4.4289999999999985,3.817,3.228,3.401,2.543,3.957,4.123,5.921,3.248,2.94,2.5540000000000003,4.019,4.105,3.468,5.607,3.366,4.2410000000000005,3.377,4.3039999999999985,5.082,1.3130000000000002,2.9960000000000004,7.213999999999999,9.205,9.176,8.217,3.899,5.691,2.345,3.462,2.798,5.206,2.7880000000000003,7.914,5.7860000000000005,0.615,9.255,5.099,5.91,4.841,3.724,5.8679999999999986,4.6110000000000015,3.4760000000000004,6.533,8.454,9.474,4.5680000000000005,6.933,0.589,8.552999999999999,6.03,5.957000000000002,8.532,7.775,1.181,4.535,7.246,4.73,7.8679999999999986,1.719,7.457999999999998,5.357,2.657,0.966,0.0,0.76,3.006,9.684,1.714,3.355,9.206,1.181,0.509,7.836,2.435,3.648,8.456,1.305,3.613,5.012,1.211,3.4960000000000004,3.727,1.4509999999999998,3.758,8.347999999999999,4.276
pc_082,5.198,2.471,5.966,3.686,6.565,4.791,9.574,2.696,4.25,8.175,0.374,7.822,0.654,3.332,5.174,3.2030000000000003,5.19,4.419,3.83,4.1610000000000005,1.265,4.56,3.709,6.523,2.822,3.542,1.607,4.621,3.691,4.229,6.209,3.335,5.001,3.979,4.9060000000000015,5.685,1.152,2.232,7.816,12.861,9.778,8.818999999999997,4.659,5.277,1.399,2.467,2.636,5.809,1.683,8.516,6.5470000000000015,1.146,9.857,5.7010000000000005,6.513,4.427,4.3260000000000005,6.629,5.212999999999999,3.488,7.292999999999998,9.214,10.076,3.41,7.535,0.171,9.313,6.79,6.559,9.135,7.3610000000000015,0.417,5.295,8.006,3.571,8.47,1.6869999999999998,8.06,5.959,2.496,1.497,0.76,0.0,2.242,10.286,1.004,3.194,9.808,1.515,1.04,8.437999999999999,2.281,4.408,9.216,1.259,2.849,5.614,0.612,3.07,2.568,0.688,3.596,9.108,4.878
pc_083,7.055,4.328,7.822999999999999,4.1930000000000005,4.3210000000000015,6.7879999999999985,11.431,3.639,3.452,5.93,2.852,7.693,2.5780000000000003,4.055,7.0310000000000015,4.967,6.982,6.276,5.687,6.159,1.215,6.417000000000002,1.358,8.38,3.872,5.399,2.966,6.478,2.893,6.226,8.066,4.423,6.997999999999998,5.836,5.3279999999999985,7.542000000000002,2.28,0.348,9.673,11.665,11.635,10.675999999999998,6.657,3.032,2.69,2.925,3.142,7.666,0.885,10.373,8.544,3.827,10.591,7.558,8.37,2.182,4.79,8.626,5.823,5.935,8.007,11.212,11.933,2.428,9.392,2.519,11.311,8.788,8.416,10.992,5.1160000000000005,2.116,7.087999999999999,8.131,2.764,10.327,3.451,9.917,7.816,3.002,3.742,3.109,2.345,0.0,12.143,2.861,3.7,11.665,3.372,3.405,10.295,2.144,6.405,11.214,3.116,0.965,7.471,2.247,4.121,1.761,1.983,4.102,11.105,6.735
pc_084,4.2780000000000005,8.164,4.785,8.185,13.374,8.122,1.564,7.702000000000001,10.734000000000002,14.983,9.029,10.872,9.164,10.357,5.317,6.625,9.621,5.806,5.485,7.994,9.811,6.01,11.789,4.272,9.971,9.001,9.822,10.07,9.899,5.999,4.26,6.819,8.05,6.851,10.419,4.467,9.617,10.913,1.655,1.121,1.143,0.972,9.979,12.441,9.713,10.785,8.904,3.4330000000000003,11.015999999999998,1.2919999999999998,8.522,8.026,0.908,4.9430000000000005,3.646,11.751,9.785,9.678,10.672,6.479,5.136,4.892,0.6609999999999999,11.836,2.187,9.196,4.9910000000000005,7.717,3.363,1.057,14.169,9.585,9.994,4.6789999999999985,11.997,1.721,7.991,2.407,4.126,8.416,8.142000000000001,8.836,9.168,10.923,0.0,8.982000000000003,8.46,0.7120000000000001,7.9929999999999986,8.482000000000001,2.136,10.142,5.711,4.894,8.573,11.53,4.797,9.515,10.219,10.995,9.856,7.432,4.7860000000000005,5.466
pc_085,5.01,1.475,5.778,4.6930000000000005,6.8660000000000005,4.481,9.386,3.703,5.417000000000002,8.475,1.222,5.724,2.042,2.71,4.9860000000000015,5.017,3.766,4.232,3.643,3.852,1.646,4.372,3.897,6.335,2.0540000000000003,3.549,0.84,3.262,4.859,3.919,6.021,4.342,4.691,3.791,3.515,5.497000000000001,2.1590000000000003,2.748,7.627999999999999,9.62,9.59,8.631,3.3160000000000003,5.577000000000001,0.631,1.664,3.643,5.621,2.8510000000000004,8.329,6.237,1.7819999999999998,9.669,5.513,6.325,4.727,2.977,6.319,3.854,3.89,5.9620000000000015,6.956,9.888,2.988,7.347,1.178,7.055,6.481,6.371,8.947000000000003,7.661,1.421,3.872,6.086,3.149,8.282,2.694,7.872999999999998,5.771,3.503,1.6969999999999998,1.714,1.004,2.758,10.098,0.0,4.2010000000000005,9.62,1.365,1.36,8.25,3.285,4.098,6.957999999999998,0.7,3.365,5.426,1.619,2.303,2.147,1.6909999999999998,4.603,6.85,4.69
pc_086,5.2570000000000014,4.725,3.783,0.727,6.454,6.651,8.976,1.29,3.0380000000000003,8.062999999999999,3.5660000000000003,9.683,3.057,6.917000000000002,5.233,2.611,7.051,3.602,4.784,6.022,3.853,3.577,4.247,6.854,6.5310000000000015,5.561,5.502000000000002,6.64,2.2030000000000003,6.09,5.391,1.432,6.862,4.932,6.925,3.777,2.035,4.055,6.8370000000000015,9.21,9.18,8.385,6.52,4.745,4.952,5.756,1.362,6.015,3.132,7.537000000000001,8.408,3.701,7.6,5.76,4.974,4.055,6.345,8.488999999999999,7.232,3.734,6.209,7.474,7.726,6.135,6.555,3.262,7.572999999999999,8.651,5.7410000000000005,7.585,7.25,3.419,7.1560000000000015,6.334,6.471,6.92,1.991,6.345,5.517,0.8740000000000001,4.052,3.0860000000000003,3.2110000000000003,3.701,8.216000000000001,4.218,0.0,7.457999999999998,4.5539999999999985,3.595,7.459,2.161,6.269,7.476,4.391,4.671,3.739,3.55,6.779,5.468,3.285,0.636,7.3679999999999986,5.831
pc_087,4.096,7.982,4.68,7.5870000000000015,12.776,7.94,1.381,7.104,10.136,14.385,8.846,10.689,8.981,10.175,5.135,6.52,9.439,5.7,5.3020000000000005,7.812,9.628,5.904,11.191,4.089,9.788,8.818,9.639,9.888,9.302,5.817,4.078,6.221,7.8679999999999986,7.45,10.237,4.3610000000000015,8.98,10.731,1.472,1.615,1.585,0.79,9.796,11.843,9.53,10.602,8.307,3.2510000000000003,10.077,1.11,8.339,7.843,0.482,4.76,3.54,11.154000000000002,9.602,9.495,11.27,6.374,4.953,4.71,0.268,11.654000000000002,2.005,9.013,4.809,7.534,3.899,1.042,13.572,9.403,9.812,4.496,11.815,1.288,7.393,2.05,3.943,7.818,7.959,8.652999999999999,8.986,10.74,0.563,8.799,7.862999999999999,0.0,7.811,8.299,1.953,8.92,5.528,4.712,8.39,11.347,4.692,9.409,10.036,10.812,9.673,6.834,4.603,5.283
pc_088,4.022,1.255,4.789,4.968,7.376,3.492,8.398,3.908,5.9270000000000005,8.985,1.374,5.907,1.509,2.859,3.997,4.0280000000000005,3.949,3.2430000000000003,2.654,2.863,2.156,3.383,4.407,5.347,2.472,2.366,2.205,3.444,5.369,2.93,5.033,5.091,3.703,2.803,3.73,4.508,2.434,3.258,6.64,8.631,8.602,7.643,3.499,6.0870000000000015,1.997,2.687,3.918,4.632,3.361,7.34,5.247999999999998,1.249,8.68,4.525,5.336,5.237,3.149,5.33,4.037,2.901,4.973,5.968,8.899,4.181,6.358,1.541,6.067,5.492000000000001,5.382999999999999,7.957999999999998,8.171,1.931,4.0539999999999985,5.098,4.399,7.294,2.9,6.884,4.782,3.778,0.978,1.181,1.514,3.268,9.11,1.365,4.475,8.631,0.0,0.8270000000000001,7.262,3.555,3.11,5.97,0.918,3.875,4.438,2.129,2.72,3.34,2.201,4.878,5.8610000000000015,3.702
pc_089,4.397,1.67,5.165,4.296,7.428,4.539,8.773,3.236,5.112,9.037,0.759,7.5710000000000015,0.8370000000000001,3.281,4.373,4.404,4.938,3.619,3.03,3.91,2.189,3.759,4.572,5.723,2.894,2.741,2.2,3.82,4.553,3.977,5.408,3.875,4.75,3.179,4.106,4.884,1.761,3.2910000000000004,7.016,9.007,8.977,8.017999999999999,4.408,6.1389999999999985,1.991,3.109,3.2460000000000004,5.008,3.394,7.716,6.295,0.532,9.056,4.901,5.7120000000000015,5.289,3.525,6.377000000000002,4.413,3.277,7.042000000000002,8.963,9.275,4.215,6.734,0.868,9.062,6.539,5.757999999999999,8.334,8.222999999999999,1.46,4.43,5.474,4.376,7.669,2.227,7.26,5.158,3.105,0.435,0.509,1.04,3.301,9.486,1.36,3.803,9.007,0.7140000000000001,0.0,7.638,2.883,4.1560000000000015,8.965,0.951,3.908,4.814,1.531,3.142,3.373,1.731,4.206,8.856,4.078
pc_090,3.81,7.6960000000000015,4.317,7.796,12.985,7.654,1.737,8.149,11.181,14.594,8.56,10.403,8.695,9.889,4.849,6.157,9.153,5.3370000000000015,5.017,7.526,9.342,5.542000000000002,11.593,3.803,9.502,8.532,9.353,9.602,10.345999999999998,5.5310000000000015,3.792,6.43,7.582000000000002,6.382999999999999,9.951,3.998,9.148,10.445,1.186,1.97,1.94,0.759,9.511,11.413,9.245,10.316,9.351,2.965,10.547,0.906,8.052999999999999,7.557,2.3680000000000003,4.474,3.178,10.723,9.316,9.209,10.204,6.011,4.668,4.424,1.832,11.368,1.719,8.727,4.523,7.247999999999998,2.895,1.019,13.78,9.117,9.526,4.21,11.529000000000002,1.683,6.87,2.07,3.658,8.863,7.672999999999999,8.368,8.7,10.455,2.862,8.514,8.907,1.882,7.525,8.014,0.0,9.674,5.242000000000001,4.426,8.105,11.061,4.329,9.046,9.751,10.526,9.388,7.042999999999998,4.3180000000000005,4.997
pc_091,6.4270000000000005,3.934,4.761,2.451,4.04,5.8610000000000015,10.803,1.922,1.827,5.65,2.4730000000000003,8.892999999999997,2.117,6.186,6.402,3.665,6.26,5.648,5.059,5.232,2.277,5.062,2.369,7.752000000000002,5.74,4.771,3.926,5.85,1.096,5.299,7.438,2.7060000000000004,6.072,5.207999999999998,6.135,6.9129999999999985,1.159,2.479,9.045,11.036,11.007,10.048,5.73,3.17,3.377,4.18,1.483,7.037000000000001,1.557,9.745,7.617000000000001,2.911,8.874,6.93,7.741,2.481,5.555,7.699,6.442,3.95,8.363999999999999,10.285,9.0,4.559,8.764,2.301,10.384,7.8610000000000015,7.7879999999999985,8.859,4.836,1.843,6.3660000000000005,9.077,4.895,8.193999999999999,2.149,9.289,7.188,1.062,3.262,2.296,2.26,2.125,9.49,3.264,1.958,8.732000000000001,3.763,2.805,9.667,0.0,5.479,10.287,3.519,3.486,6.843,1.974,5.989,3.892,1.71,2.361,10.179,6.107
pc_092,2.265,3.22,4.535,6.282,9.453,1.876,6.042999999999998,4.6530000000000005,7.24,11.062,4.085,3.669,4.22,5.4129999999999985,1.258,3.726,2.191,2.989,2.437,0.838,4.867,3.11,7.697999999999999,2.775,5.026,3.142,4.878,2.68,6.507999999999999,0.28600000000000003,3.3310000000000004,4.672,1.944,1.331,3.029,4.254,4.888,5.9689999999999985,4.2860000000000005,6.277,6.247000000000001,5.2879999999999985,2.194,8.583,4.769,5.84,5.612,2.278,6.0710000000000015,4.9860000000000015,3.632,3.0810000000000004,6.29,1.863,4.387,7.893,4.84,3.714,3.285,2.482,2.226,4.842,6.509,6.892,4.004,4.251,4.941,2.608,4.061,5.098,10.249,4.641,2.297,2.939,7.053,4.9030000000000005,4.141,4.291,3.319,5.313,3.198,3.892,4.224,5.979,6.72,4.038,5.789,6.2410000000000005,3.049,3.5380000000000003,4.908,5.4129999999999985,0.0,4.8439999999999985,3.629,6.585,4.184,4.785,5.275,6.05,4.912,5.285,4.735,1.406
pc_093,2.205,6.091,3.783,7.176,14.42,5.072,4.982,6.608,9.313,16.03,6.956,7.8210000000000015,7.091,8.283999999999999,3.244,4.972,6.5710000000000015,4.1530000000000005,3.412,4.944,7.737999999999999,4.357,9.988,2.446,7.897,7.724,7.749,7.02,8.751,4.953,2.283,5.809,5.0,4.7780000000000005,7.369,3.464,9.855,8.84,3.224,5.216,5.186,4.227,6.832000000000002,13.55,7.64,8.712,7.484,1.456,8.943,3.924,5.471,5.9529999999999985,5.229,2.501,3.339,12.861,7.7120000000000015,6.627999999999999,7.867000000000001,4.8260000000000005,4.947,0.7979999999999999,5.448,9.763,2.943,7.122999999999998,0.897,4.666,2.184,4.037,15.216,7.512,6.944,2.853,9.924,3.842,6.438,3.23,2.149,7.267,6.069,6.763,7.095,8.85,5.658,6.909,7.744,5.18,5.92,6.409,3.846,10.38,4.857,0.0,6.5,9.457,3.712,7.711,8.146,8.922,7.782999999999999,6.4220000000000015,0.691,3.393
pc_094,4.601,1.385,5.369,5.092,7.127000000000002,4.072,8.977,4.032,5.6789999999999985,8.736,1.125,6.4860000000000015,1.633,2.6210000000000004,4.577,4.6080000000000005,3.677,3.823,3.234,3.443,1.907,3.963,4.158,5.9270000000000005,2.234,3.459,1.54,3.172,5.12,3.51,5.612,4.671,4.282,3.382,3.425,5.088,2.557,3.01,7.22,9.211,9.181,8.222000000000001,3.2260000000000004,5.837999999999999,1.331,2.448,4.042,5.2120000000000015,3.112,7.92,5.8279999999999985,1.3730000000000002,9.26,5.104,5.916,4.988,2.888,5.91,4.6160000000000005,3.4810000000000003,5.553,6.5470000000000015,9.479,3.688,6.938,1.665,6.646,6.072,5.9620000000000015,8.538,7.9220000000000015,1.682,3.782,5.6770000000000005,3.85,7.872999999999998,3.024,7.463999999999999,5.362,3.902,1.288,1.305,1.265,3.019,9.689,0.7,4.599,9.211,0.918,0.951,7.841,3.679,3.689,9.761,0.0,3.626,5.018,1.881,2.482,2.847,1.952,5.002,6.441,4.2810000000000015
pc_095,7.504,4.7780000000000005,8.272,5.167999999999998,4.232,6.975,11.880999999999998,4.615,4.185,5.841,3.301,8.096,3.452,4.458,7.48,5.943,7.432,6.726,6.1370000000000005,6.346,1.664,6.8660000000000005,1.418,8.83,4.276,6.457999999999998,3.37,6.9270000000000005,3.544,6.4129999999999985,8.516,5.399,7.186,6.2860000000000005,5.732,7.991,3.256,0.88,10.123,12.114,12.084,11.126,6.981,2.943,3.14,3.3280000000000003,4.118,8.115,1.861,10.823,8.731,4.276,12.163,8.008,8.818999999999997,2.093,5.194,8.812999999999997,6.226,6.384,8.456,12.012,12.382,1.829,9.841,2.969,12.111,8.975,8.866,11.441,5.027,2.766,7.537000000000001,8.581,2.861,10.776,4.427,10.367,8.265,3.978,4.191,3.5580000000000003,2.794,0.97,12.593,3.31,4.676,12.114,3.821,3.855,10.745,3.12,6.593,12.014,3.5660000000000003,0.0,7.921,3.2230000000000003,4.524,2.165,2.418,5.078,11.906,7.185
pc_096,2.592,4.505,0.617,3.563,9.819,6.468,5.345,3.897,6.874,11.428,5.369,8.882,5.17,6.697,3.1460000000000004,2.262,6.924,1.442,2.489,4.896,6.151,1.646,8.062999999999999,2.962,6.311,5.341,6.162000000000001,6.42,6.04,4.3439999999999985,1.5,2.197,6.678,3.192,6.705,0.504,5.252999999999999,7.252999999999999,3.372,5.579,5.549,4.754,6.474,8.949,6.053,7.125,5.045,2.124,6.728,4.072,7.2120000000000015,4.3660000000000005,4.676,3.634,1.332,8.259,6.125,8.369,7.0120000000000005,2.115,3.827,3.583,4.895,8.177,3.09,5.375,3.682,6.407,1.44,3.954,9.847,5.3610000000000015,7.03,3.369,8.338,3.289,3.727,2.88,1.626,4.556,4.482,5.356,5.325,7.296,5.105,5.322,5.033,4.627,4.334,4.822,3.994,5.778,4.055,3.585,4.913,7.87,0.0,5.151,6.559,7.335,5.817,2.81,3.477,3.1830000000000003
pc_097,5.5070000000000014,2.78,6.275,3.828,6.6389999999999985,4.975,9.883,2.837,4.323,8.248,0.527,8.007,0.773,3.641,5.483,3.344,5.374,4.729,4.14,4.346,1.574,4.869,3.783,6.832999999999998,3.131,3.851,1.916,4.93,3.765,4.413,6.518,3.4760000000000004,5.186,4.288,5.215,5.994,1.293,2.541,8.125,10.117,10.087,9.128,4.8439999999999985,5.35,1.7080000000000002,2.776,2.778,6.1179999999999986,1.992,8.826,6.731,1.331,10.166,6.01,6.822,4.501,4.635,6.813,5.522,3.629,7.478,9.399,10.385,3.719,7.8439999999999985,0.35600000000000004,9.498,6.975,6.8679999999999986,9.444,7.435,0.726,5.48,8.191,3.88,8.779,1.829,8.37,6.268,2.637,1.681,0.945,0.306,2.551,10.595,1.3130000000000002,3.335,10.117,1.824,1.224,8.747,2.415,4.593,9.401,1.568,3.158,5.922999999999999,0.0,3.379,2.877,0.997,3.738,9.293,5.187
pc_098,6.146,2.83,6.914,6.763,8.304,5.617000000000001,10.522,5.772,7.5779999999999985,9.913,3.2910000000000004,4.188,3.824,0.529,6.122000000000001,6.153,2.794,5.3679999999999986,4.779,4.988,2.994,5.507999999999999,5.257999999999999,7.472,0.34,2.7,1.941,2.383,7.019,5.055,7.157,7.216,5.827000000000001,4.927,1.823,6.632999999999999,4.228,4.11,8.764,10.755999999999998,10.726,9.767,2.467,7.015,2.462,1.517,5.712999999999999,6.7570000000000014,5.011,9.465,7.372999999999998,3.564,10.805,6.649,7.461,6.165,1.286,4.651,2.318,5.026,7.098,8.092,11.024,3.048,8.482999999999999,3.248,8.191,7.617000000000001,7.5070000000000014,10.083,9.099,3.49,3.023,7.222,3.002,9.418,4.7639999999999985,9.009,6.907,5.572,3.399,3.4960000000000004,3.073,4.12,11.234000000000002,2.306,6.27,10.755999999999998,2.72,3.142,9.386,6.27,5.234,8.094,2.482,4.856,6.562,3.689,0.0,2.697,3.76,6.672999999999999,7.9860000000000015,5.8260000000000005
pc_099,7.011,3.609,7.779,5.972,6.159,6.482,11.388,5.417999999999998,5.231,7.768,2.8080000000000003,6.282,3.213,2.644,6.987,7.018,4.862,6.233,5.644,5.853,1.929,6.372999999999998,2.912,8.337,2.462,4.644,1.58,4.357,4.673,5.92,8.023,6.202000000000001,6.693,5.792999999999998,3.918,7.497999999999998,4.06,1.764,9.63,11.621,11.591,10.632,4.4110000000000005,4.87,1.521,1.514,4.922,7.622000000000001,2.665,10.33,8.238,3.783,11.67,7.515,8.326,4.02,3.38,6.745,4.412,5.891,7.962999999999999,8.957,11.889,0.904,9.348,2.73,9.056,8.482000000000001,8.372,10.948,6.954,2.698,4.967,8.088,1.065,10.283,4.246,9.874,7.772,4.7810000000000015,3.698,3.715,2.555,1.773,12.1,2.134,5.479,11.621,3.3280000000000003,3.361,10.252,3.923,6.099,8.959,2.834,2.38,7.428,3.217,2.71,0.0,2.786,5.8820000000000014,10.799,6.692
pc_100,5.885,3.159,6.653,3.779,5.9289999999999985,5.516,10.262,3.225,3.613,7.5379999999999985,1.034,8.548,1.345,4.226,5.8610000000000015,3.695,5.915,5.107,4.518,4.886,0.889,5.247000000000001,3.073,7.211,3.623,4.229,2.512,5.308,3.055,4.954,6.897,4.01,5.726,4.667,5.5939999999999985,6.372000000000001,1.867,1.857,8.504,10.495,10.465,9.507,5.384,4.64,1.63,2.766,2.729,6.496,1.416,9.204,7.272,1.837,10.544,6.3889999999999985,7.2,3.791,5.013,7.354,5.901,3.979,8.017999999999999,9.939,10.763,3.761,8.222000000000001,0.862,10.038,7.515,7.247000000000001,9.822,6.725,0.659,6.02,6.9620000000000015,3.922,9.157,2.1790000000000003,8.748,6.646,2.589,2.188,1.4509999999999998,0.688,1.866,10.974,1.6909999999999998,3.286,10.495,2.202,1.731,9.126,1.731,5.132999999999999,9.941,1.947,2.4730000000000003,6.3020000000000005,0.975,3.871,2.92,0.0,3.689,9.833,5.566
pc_101,4.4510000000000005,5.497000000000001,3.167,0.969,6.6960000000000015,7.423999999999999,8.17,1.473,3.94,8.306000000000001,4.339,10.456,3.83,7.69,4.427,1.805,7.822999999999999,2.7960000000000003,3.562,6.795,4.626,2.7710000000000004,5.019,6.047999999999999,7.3039999999999985,6.334,6.275,7.4129999999999985,3.1060000000000003,6.862,4.585,0.626,7.635,4.405,7.697999999999999,3.161,2.8080000000000003,4.828,6.0310000000000015,8.404,8.374,7.579,7.292999999999998,5.647,5.725,6.529,2.135,5.209,3.905,6.731,9.18,4.474,6.794,4.954,4.8889999999999985,4.958,7.1179999999999986,9.262,8.005,3.0,5.403,6.667999999999998,6.92,6.908,5.749,4.034,6.767,9.424,4.935,6.779,7.492000000000001,4.192,7.9289999999999985,5.527,7.244,6.114,2.461,5.539,4.711,1.6469999999999998,4.825,3.859,3.984,4.474,7.41,4.9910000000000005,1.007,6.652,5.3260000000000005,4.368,6.653,2.724,5.431,6.67,5.164,5.444,3.123,4.323,7.552,6.2410000000000005,4.058,0.0,6.562,4.4
pc_102,2.097,5.983,3.675,7.068,14.312,4.964,4.874,6.5,9.205,15.921,6.848,7.712999999999999,6.982,8.176,3.136,4.864,6.462999999999999,4.044,3.304,4.836,7.629,4.249,9.88,2.337,7.789,7.616,7.64,6.912000000000001,8.642000000000001,4.8439999999999985,2.175,5.7010000000000005,4.892,4.67,7.261,3.3560000000000003,9.747,8.732000000000001,3.116,5.107,5.078,4.119,6.724,13.442,7.532,8.603,7.375,1.348,8.834,3.816,5.363,5.8439999999999985,5.121,2.393,3.2310000000000003,12.752,7.603,6.519,7.758999999999999,4.718,4.839,0.149,5.34,9.655,2.835,7.0139999999999985,0.248,4.558,2.076,3.929,15.108,7.404,6.836,2.744,9.816,3.734,6.33,3.122,2.041,7.159,5.961,6.655,6.987,8.742,5.55,6.801,7.635,5.072,5.812,6.301,3.738,10.272,4.748,0.691,6.392,9.348,3.604,7.603,8.038,8.812999999999997,7.675,6.314,0.0,3.284
pc_103,1.35,3.786,3.519,5.184,10.026,4.515,5.726,4.708,7.685,11.635,4.65,7.265,4.785,5.979,0.193,2.709,4.117,1.973,1.106,2.763,5.432,2.094,7.683,2.675,5.5920000000000005,4.622,5.443,5.7010000000000005,6.85,2.211,2.416,3.818,4.4430000000000005,2.4730000000000003,5.9860000000000015,3.238,5.849,6.535,3.968,5.96,5.93,4.971,4.12,9.363,5.334,6.4060000000000015,5.855,1.961,6.6370000000000005,4.668,4.915,3.647,5.973,1.509,3.472,8.513,5.4060000000000015,6.0710000000000015,6.294,1.986,1.895,3.2960000000000003,6.192,7.457999999999998,3.687,4.817,3.395,4.11,3.1460000000000004,4.7810000000000015,10.821,5.207000000000002,4.222,2.02,7.619,4.586,4.195,3.974,2.404,5.367000000000001,3.763,4.457,4.79,6.544,6.402,4.603,5.843,5.924,3.615,4.104,4.59,6.374,1.923,3.298,4.194,7.151,3.168,5.746,5.84,6.6160000000000005,5.477,4.431,3.19,0.0
