,depot,pc_001,pc_002,pc_003,pc_004,pc_005,pc_006,pc_007,pc_008,pc_009,pc_010,pc_011,pc_012,pc_013,pc_014,pc_015,pc_016,pc_017,pc_018,pc_019,pc_020,pc_021,pc_022,pc_023,pc_024,pc_025,pc_026,pc_027,pc_028,pc_029,pc_030,pc_031,pc_032,pc_033,pc_034,pc_035,pc_036,pc_037,pc_038,pc_039,pc_040,pc_041,pc_042,pc_043,pc_044,pc_045,pc_046,pc_047,pc_048,pc_049,pc_050,pc_051,pc_052,pc_053,pc_054,pc_055,pc_056,pc_057,pc_058,pc_059,pc_060,pc_061,pc_062,pc_063,pc_064,pc_065,pc_066,pc_067,pc_068,pc_069,pc_070,pc_071,pc_072,pc_073,pc_074,pc_075,pc_076,pc_077,pc_078,pc_079,pc_080,pc_081,pc_082,pc_083,pc_084,pc_085,pc_086,pc_087,pc_088,pc_089,pc_090,pc_091,pc_092,pc_093,pc_094,pc_095,pc_096,pc_097,pc_098,pc_099,pc_100
depot,0.0,5.106,3.266,33.517,22.395,11.1,3.979,15.454,7.044,39.072,1.606,31.978,3.411,3.618,34.764,2.337,30.174,30.686,22.558000000000003,24.147,2.951,1.962,6.615,16.538,2.382,6.2029999999999985,1.278,29.417,25.557,5.992000000000001,30.586,13.099,24.893,26.83,29.117,6.58,66.51100000000001,12.263,7.106,28.764,37.966,3.3160000000000003,5.369,22.909,13.149,6.417999999999998,34.412,2.072,1.195,4.917,12.082,30.559,26.698,4.6930000000000005,6.71,6.381,1.3530000000000002,1.973,5.247000000000001,31.395,3.567,29.25,30.554,30.561,3.055,3.657,32.236,30.604,21.311,9.204,4.472,3.137,17.261,2.63,8.979,4.833,3.512,2.982,20.74,24.961,38.946,7.2639999999999985,26.27,6.045,35.253,34.829,6.774,20.102,27.147,3.617,6.1160000000000005,28.239,21.389,16.851,4.374,17.971,3.852,20.86,12.842,13.041,27.867
pc_001,4.876,0.0,1.419,33.089,21.986,10.443,3.659,21.641,3.252,33.156,3.32,26.062,6.278,2.056,34.336,4.251,38.035,24.769,24.536,32.008,3.338,5.934,2.822,10.622,4.901,2.41,4.6160000000000005,28.989,25.129,1.928,24.67,12.69,24.484,31.176,33.463,10.300999999999998,71.69,16.609,3.313,33.11,37.557,1.521,12.281,27.76,12.74,2.625,33.984,6.892,4.872,1.5219999999999998,24.037,34.905,34.558,1.836,10.672,2.145,4.699,5.14,1.588,35.741,2.658,23.334,34.9,30.134,7.401,5.98,34.817,24.688,20.902,4.729,4.152,4.082,8.621,5.433,5.382999999999999,12.113,7.0120000000000005,7.3279999999999985,14.824000000000002,32.822,33.03,4.171,20.353,5.086,34.826,34.401,2.9810000000000003,24.867,31.493,2.682,5.158,32.585,25.735,10.934,3.036,22.203000000000007,6.074,22.838,12.433,24.995,27.439
pc_002,3.375,2.152,0.0,30.347,19.225,11.567,3.657,18.3,4.091,33.995,1.819,26.901,4.7780000000000005,1.648,31.594,2.75,33.02,25.609,21.775,26.992,1.838,4.433,3.662,11.461,3.401,3.249,3.116,26.246,22.387,3.703,25.509,9.929,21.723000000000006,29.676,31.962,8.8,71.07,15.108,4.152,31.61,34.796,0.101,6.3820000000000014,27.14,9.979,3.465,31.242,5.317,3.3710000000000004,1.964,14.927,33.405,29.543000000000006,1.4280000000000002,9.171,3.427,2.799,3.831,2.712,34.241,1.157,24.173,33.399,27.391,5.901,4.67,32.055,25.527,18.141,6.505,4.15,2.436,9.746,3.932,6.507999999999999,5.846,5.511,5.827000000000001,15.663,27.806,33.869,5.295,21.193,3.5860000000000003,32.083,31.658,3.82,22.106,29.992,3.806,3.658,31.084,24.235,11.773,1.535,19.442,4.573,20.077,9.672,15.886,24.697
pc_003,33.519,33.012,30.429,0.0,11.057,46.577,41.691,35.33,30.803,19.388,31.744,15.925,29.809,32.077,7.646,30.957,50.05,17.973,21.817,44.023,31.763,32.692,30.915,31.957,30.98,32.276,31.549,4.777,10.797,34.425,17.873,18.216,12.325,46.737,35.893,29.786,86.387,33.946,31.235,35.679,24.709,30.48,43.463,47.055,18.676,31.352,7.294,38.05,38.784,32.444,31.958,50.466,46.573,31.857,28.768,33.61,33.959,34.578,34.693000000000005,36.253,30.64,19.482,50.46100000000001,2.955,37.48,40.341,33.709,15.967,10.441,33.563,41.041,32.361,36.209,32.01,38.043,43.295,30.329,37.504,22.195,44.837,21.829,38.057,22.605,29.288,8.136000000000001,7.711,31.977,25.015,47.054,36.808,29.36,35.982,41.29600000000001,32.269,31.059,30.952,29.605,22.986,18.82,32.916,5.641
pc_004,22.331,25.993,19.242,10.999,0.0,39.557,34.672,28.311,23.783,28.579,20.556,23.865,18.622,20.889,12.246,19.769,43.03,22.573,13.664,36.918,20.575,21.504,23.895,30.293000000000006,19.792,25.256,20.362,6.898,3.575,27.405,22.473000000000006,9.296,3.052,39.717,27.74,22.767,79.368,26.926,24.216,27.526,19.566,19.292,36.444,40.036,9.756,24.333,11.894,21.838,31.765,25.424,24.938,43.44600000000001,39.554,20.669,21.749,26.59,22.771,23.391,27.673,28.1,19.452,24.082,29.36,8.043,30.439,24.128,25.557,22.491,3.321,26.543000000000006,34.022,21.173,34.714,20.823,31.024,36.276,19.141,30.485,22.95,37.817,30.833,26.904,23.36,18.1,12.735,12.31,24.958,16.863,40.034,29.788,18.172,27.83,34.276,30.605,19.871,19.091,18.417,14.834,9.901,25.897,5.349
pc_005,11.128,10.442,11.821,46.536,35.433,0.0,7.268,21.025,18.251,46.729,9.589,39.635,14.195,12.458,47.783,11.389,37.419,38.342,37.983,31.392,10.374,12.546,18.363,18.939,12.597,16.827,11.493,42.43600000000001,38.576,10.224,38.243,26.137,37.931,41.347,43.633,21.709,71.074,18.059,18.683,43.28100000000001,51.004,11.923,11.666,27.144,26.187,17.053,47.431,11.284,11.124,11.924,23.421,45.076,33.943000000000005,12.238,30.993,15.697,10.239,10.68,9.936,45.912,10.99,36.907,45.07100000000001,43.581,16.202,9.272,46.753,38.261,34.349000000000004,16.098,6.6179999999999986,9.622,13.463,12.845,11.023,11.498,14.296,12.626,28.397,32.206,46.603,8.316,26.549,21.261,48.273,47.848,16.61,39.386,41.664,8.129,20.09,42.755,35.906,18.879,11.763,37.524,14.637,36.285,25.88,24.38,40.886
pc_006,4.158,3.722,3.719,43.379,32.276,7.2970000000000015,0.0,17.539,15.094,43.572,2.619,36.478,6.6560000000000015,4.0710000000000015,44.62600000000001,4.419,33.934,35.185,37.753,27.907,3.405,4.921,6.5470000000000015,18.934,5.627000000000002,6.135,4.523,39.279,35.41900000000001,4.16,35.086,22.98,34.774,37.861,40.148,9.825,67.58800000000001,14.573,15.526,39.795,47.847,3.769,8.18,23.658,23.03,13.896,44.274,5.4620000000000015,4.154,5.205,19.935,41.59,30.457,5.147,9.955,5.439,3.269,3.71,3.415,42.426,4.02,33.75,41.585,40.424,6.877000000000002,4.431,43.267,35.104,31.192,12.941,0.669,2.652,13.458,5.875,7.147,8.012,6.7570000000000014,6.8039999999999985,25.24,28.721,43.44600000000001,7.297999999999999,26.544,6.9929999999999986,45.11600000000001,44.691,13.453,35.901,38.178,1.159,16.933,39.27,32.42,18.874,4.794,34.038000000000004,7.098,36.055,22.723000000000006,20.894,37.729
pc_007,13.835,21.958,16.662,35.155,28.134,19.95,17.858,0.0,27.628,52.735,14.241,48.021,12.912,21.631,36.402,14.815,16.394000000000002,46.729,22.673,10.367,20.965,12.757,27.74,31.468000000000004,13.924,26.204,13.87,31.054,27.194000000000006,21.74,46.629,24.088,25.392,22.781,25.067,13.445,52.799,6.4620000000000015,28.061,24.715,38.465,16.712,10.366,8.984,21.945,26.431,36.049,12.194,12.929,23.44,4.855,21.389,12.918,23.754,12.427,25.074,13.988,14.607,21.452,27.346,16.733,48.238,26.505,32.199,11.624,10.786,28.187,46.647,29.246,25.476,17.208,20.212,25.992,13.630999999999998,22.539,10.198,15.932,11.649,37.774,11.181,54.989,19.832,39.078,21.974,36.891,36.466,25.987,20.82,23.098000000000006,18.719,22.046,24.189,17.34,31.408,15.917,18.958,13.354,20.975,21.637,5.814,29.505
pc_008,6.899,3.176,4.029,30.908,19.805,17.708,12.823,26.328000000000007,0.0,30.975,5.343,23.881,12.326,5.235,32.155,6.274,42.723,22.588,22.355,36.696,5.362,9.7,1.078,8.441,8.668,2.439,6.64,26.808000000000003,22.948,5.556,22.489,10.509,22.303,32.151,32.072,13.369000000000002,76.377,23.362,1.466,31.72,35.376,4.079,16.969,32.447,10.559,1.516,31.803,10.584,6.895,2.607,25.34,43.848,39.246,5.015,15.274,3.9,6.323,7.355,5.824,35.179,4.681,21.153,32.92,27.953000000000007,11.168,16.820999999999998,32.636,22.507,18.721,4.691,12.173,5.96,12.865,9.199,9.154,16.801,12.845999999999998,15.473,12.643,37.51,30.849,7.349,18.172,5.632999999999999,32.645,32.22,2.141,22.686,32.467,5.86,4.462,31.194000000000006,34.678000000000004,8.753,5.059,20.022,12.122,20.657,10.252,26.299,25.258000000000006
pc_009,38.992,33.171,34.023,19.184,28.441,46.752,41.867,52.714,30.961,0.0,35.338,7.845,40.79,35.229,17.155,37.108,67.434,8.896,38.86,61.407,35.357,38.164,31.073,28.178,37.132,32.434,37.701,22.922,28.181,34.6,9.174,34.331,29.709,64.12100000000001,52.93600000000001,41.833,103.771,51.33,31.393,52.722,44.002,34.074,46.01300000000001,61.49100000000001,34.791,31.511,17.532,39.048,39.221,32.602,49.342,67.85,63.957,35.009,46.152,33.785,36.317,37.349,34.868,53.29600000000001,34.676,12.853,67.845,21.837,54.864,45.865,50.752,9.01,26.556,31.656,41.217,35.955,32.429,37.664,35.445,45.845,41.31,43.937,18.416,62.221,1.0659999999999998,38.232,18.826,34.097,17.225,17.718,32.136,42.059,64.438,36.983,32.926,53.025,58.68,28.49,35.054,48.33600000000001,40.586,40.029,34.935,50.3,24.353
pc_010,1.606,3.55,1.71,31.744,20.623,9.569,2.448,15.861,5.489,35.393,0.0,28.299,4.104,2.062,32.991,2.274,30.581,27.006,27.158,24.553,1.395,2.3680000000000003,5.059,12.859000000000002,3.075,4.647,1.971,27.644,23.784,4.46,26.907,11.326,23.121,27.237,29.523000000000003,7.273,66.516,12.669,5.55,29.171,36.194,1.76,5.046,22.586,11.377,4.862,32.639,2.478,1.602,3.362,12.488,30.966,27.104,3.138,7.403,4.825,1.029,1.649,3.716,31.802,2.011,25.571,30.96,28.789,3.462,3.334,32.642,26.925,19.539,7.672999999999999,2.9410000000000003,1.227,15.73,3.323,7.447,4.509,4.205,3.388,17.061,25.367,35.267,5.732,22.591,4.984,33.481,33.056,5.218,20.794,27.553,2.086,5.055,28.645,21.796,13.171,2.784,23.443,4.545,25.46,11.07,13.447,26.095
pc_011,31.945,26.124,26.977,15.882,24.009,39.705,34.82,48.282,23.914,8.014,28.291,0.0,33.744,28.183000000000003,12.723,30.062,63.002,1.849,34.428000000000004,56.975,28.31,31.118,24.026,21.131,30.085,25.387,30.654,18.49,23.749,27.553,2.127,29.899,25.277,59.68899999999999,48.504,34.787,99.339,46.898,24.347,48.29,39.57,27.027,38.966,54.444,31.977,24.464,13.1,32.001,32.174,25.555,44.91,63.418,59.526,27.962,41.721,26.739,29.271,30.303,27.822,48.864,27.629,5.806,63.413,19.441,32.585,38.819,46.32,1.587,22.124,24.609,34.17,28.908,25.383000000000006,30.617,28.399,38.798,34.263000000000005,36.89,11.369000000000002,57.789,7.888,31.185,11.779000000000002,27.051,12.793,13.286,25.089,37.627,60.006,29.937,25.879,48.594,54.24800000000001,21.443,28.007,41.43899999999999,33.539,35.598,31.669,45.869,19.921
pc_012,3.4210000000000003,6.5920000000000005,4.751,29.755,18.633,15.585,6.488,14.446,11.754,40.797,4.114,33.703,0.0,6.399,31.002,3.904,29.165,32.411,20.342,23.138,6.085,2.594,11.865,18.263,2.556,7.688,2.803,25.655,21.795,8.142000000000001,32.311,9.337,21.131,25.821,28.108,4.363,65.503,11.254,12.186,27.755,34.204,4.801,9.03,26.171,9.387,12.303,30.65,2.928,3.662,6.403,11.073,29.55,25.689,6.1789999999999985,4.493,7.866,3.861,4.481,7.597,30.387,4.822,30.975,29.545,26.799,3.512,5.2189999999999985,31.227,32.329,17.549,14.514,6.98,5.646,22.685,1.913,11.392,6.394,1.295,2.859,22.465,23.952,40.671,9.772,27.995,5.676,31.491,31.066,12.928,17.885,26.138,6.126,5.747999999999998,27.23,20.38,18.575,4.006,15.754,0.966,18.644,9.08,12.032,24.105
pc_013,4.793,2.013,1.418,31.765,20.643,11.848,5.065,23.046,5.509,35.41300000000001,3.238,28.32,6.1960000000000015,0.0,33.012,4.168,39.441,27.027,23.193,33.414,3.256,5.852,5.08,12.88,4.819,4.667,4.534,27.665,23.805,3.677,26.927,11.347,23.141,31.094,33.38,10.218,73.095,16.527,5.57,33.028,36.214,1.52,13.687,29.165,11.397,4.883,32.66,6.735,4.789,3.382,16.345,34.823,35.964,0.614,10.589,4.845,4.217,5.249,2.994,35.659,2.575,25.591,34.817,28.809,7.319,6.089,33.474000000000004,26.945,19.56,6.745,5.558,3.855,10.027,5.351,6.789,7.2639999999999985,6.9289999999999985,7.245,17.081,34.228,35.287,5.577000000000001,22.611,5.004,33.501,33.077,5.238,23.524,31.41,4.088,5.0760000000000005,32.501999999999995,25.653,13.192,2.9530000000000003,20.86,5.9910000000000005,21.495,11.09,17.304000000000002,26.115
pc_014,34.822,34.315,31.732,7.646,12.36,47.879,42.994,36.633,32.106,17.252,33.047,12.538,31.112,33.38,0.0,32.259,51.353,11.245,22.779,45.326,33.065,33.994,32.217,26.623,32.283,33.579,32.852,6.841,12.1,35.728,11.145,18.249,13.628,48.04,36.854,31.089,87.69,35.249,32.538000000000004,36.641,27.921,31.782,44.76600000000001,48.358,18.709,32.655,1.499,39.353,40.087,33.747,33.26,51.769,47.87600000000001,33.16,30.071,34.913000000000004,35.261,35.881,35.996,37.215,31.943,12.754,51.76300000000001,7.791,38.783,41.643,34.671,11.163,10.474,30.101,42.344,33.664,30.875,33.313,33.891,44.598,31.632,38.807,16.861,46.14,19.506,39.36,17.271,30.591,1.192,1.537,33.28,25.977,48.356,38.111,30.663,36.944,42.599,26.935,32.361,32.255,30.907,23.948,18.854,34.219,8.272
pc_015,2.337,4.592,2.752,30.956,19.834,11.368,4.247,16.345,8.179,37.222,2.029,30.129,3.697,3.094,32.203,0.0,31.065,28.836,22.384,25.038,2.428,2.479,6.101,14.689,1.446,5.689,1.0590000000000002,26.856,22.996,6.143,28.737,10.538,22.332,27.721,30.007,6.8660000000000005,67.402,13.154000000000002,6.5920000000000005,29.655,35.405,2.802,7.365,24.905,10.588,5.904,31.851,3.362,2.188,4.404,12.973,31.45,27.588,4.18,6.996,5.867000000000001,2.776,3.3960000000000004,5.598,32.286,2.823,27.4,31.445,28.0,3.946,5.653,33.126999999999995,28.755,18.75,10.939,4.74,3.026,17.53,1.978,9.393,6.829,3.798,3.872,18.891,25.852,37.097,7.532,24.42,4.195,32.692,32.268,6.26,22.715,28.038,3.886,4.267,29.129,22.28,15.001,2.006,20.051,3.811,20.686,10.281,13.931,25.306
pc_016,30.152,38.305,32.98,49.999,42.978,36.297,34.205,16.347,43.50100000000001,67.58,30.559,62.86600000000001,29.23,32.57,51.246,31.133000000000006,0.0,61.573,37.517,6.485,31.904,29.075,43.613,47.815,30.242,42.552,30.188,45.899,42.039,38.087,61.473,38.932,40.236,20.669,20.066,28.289,44.631,22.809,43.933,21.074,35.37,33.03,26.713,16.102999999999998,36.789,44.051,50.894,28.512,29.247,34.632,21.202,9.789,7.146,34.408,27.272,41.422,30.305,30.925,37.799,20.464,33.051,63.082,19.545,47.043,27.942,27.133000000000006,22.653,61.49100000000001,44.09,41.823,33.556,36.559,42.339,29.949,38.886,26.545,30.777,27.967,54.213,6.309,69.833,36.179,62.36,36.819,51.735,51.31100000000001,42.334,25.022,20.986,35.066,36.89,19.808,12.067,47.755,32.234,23.703000000000007,29.672,35.819,36.482,22.161,44.349
pc_017,30.608,24.786,25.639,17.958,22.672,38.368,33.482,46.945,22.577,8.956,26.954,1.863,32.406,26.845,11.386,28.724,61.665,0.0,33.091,55.63800000000001,26.972,29.78,22.689,19.794,28.748,24.05,29.317,17.153,22.412,26.216,1.147,28.561,23.94,58.352,47.167,33.449,98.002,45.56100000000001,23.009,46.953,38.233,25.689,37.629,53.107,30.639,23.126,11.763,30.664,30.837,24.218000000000004,43.572,62.081,58.188,26.625,40.383,25.401,27.933000000000003,28.965,26.484,47.527,26.291,5.401,62.075,18.103,31.248,37.481,44.983,1.238,20.787,23.271,32.832,27.571,24.045,29.279,27.061,37.461,32.926,35.55300000000001,10.031,56.452,8.83,29.848000000000006,10.441,25.713,11.456,11.949000000000002,23.751,36.289,58.668,28.599,24.542,47.256,52.911,20.106,26.67,40.102,32.202,34.26,30.332,44.53100000000001,18.584
pc_018,22.693,26.087,21.778,22.943,13.648,39.651,34.766,22.56,23.877,39.086,27.326,34.372,20.466,23.426,22.752,22.305,37.28,33.079,0.0,31.253,23.111,25.842,23.989,30.387,22.329,25.35,22.074,17.405,12.079,27.499,32.98,15.86,11.116,14.621,14.482,17.016,73.617,21.176,24.309,14.268,17.083,21.828000000000007,30.693,34.285,15.425,24.427,22.4,25.28,26.014,25.518,19.187,27.255,33.803000000000004,23.206,15.998,26.684,27.073,27.693,27.767,14.842,21.989,34.588,16.102,18.55,24.709,27.57,12.299,32.998000000000005,19.86,26.637,34.116,23.71,34.808,21.184,31.118,30.525,19.503,24.734,34.589,32.067,41.34,40.159,40.118,20.637,23.242,22.817,25.052,5.64,15.429,29.882,20.709,14.572,18.085,30.699,22.407,7.456,20.953000000000007,3.611,15.118,20.146,15.855
pc_019,24.3,32.453,27.128,44.147,37.126,30.446,28.354,10.495,37.649,61.728,24.707,57.014,23.378,26.718000000000004,45.394,25.281,6.479,55.721,31.665,0.0,26.052,23.223000000000006,37.761,44.159,24.39,36.7,24.336,40.047,36.187,32.235,55.621,33.08,34.384,16.292,21.299,22.437,45.621,16.957,38.081,21.652,33.509,27.178,20.861,10.497,30.937,38.199,45.042,22.66,23.395,28.78,14.55,11.022,4.953,28.556,21.42,35.57,24.454,25.073,31.947,21.697,27.199,57.23,20.778,41.192,22.09,21.281,23.886,55.639,38.238,35.971,27.704,30.708,36.487,24.097,33.034,20.693,24.925,22.115,48.361,2.356,63.982,30.327,56.508,30.967,45.88399999999999,45.459,36.482,19.667,16.608,29.214,31.039,21.127,6.712999999999999,41.903,26.383000000000006,18.349,23.82,29.967,30.63,16.309,38.497
pc_020,4.681,1.901,1.306,31.653,20.531,11.736,4.953,22.934,5.397,35.301,3.1260000000000003,28.207,6.084,0.6659999999999999,32.9,4.056,39.329,26.915,23.081,33.302,0.0,5.739,4.968,12.768,4.707,4.555,4.422,27.553,23.693,3.565,26.815,11.235,23.029,30.982,33.268,10.106,72.983,16.414,5.457999999999998,32.916,36.102,1.4069999999999998,13.575,29.053,11.285,4.771,32.548,6.622999999999998,4.677,3.27,16.233,34.711,35.852,0.737,10.477,4.7330000000000005,4.105,5.1370000000000005,2.882,35.547,2.463,25.479,34.705,28.697,7.207000000000002,5.977,33.361,26.833,19.447,6.632999999999999,5.4460000000000015,3.742,9.915,5.238,6.6770000000000005,7.152,6.817,7.132999999999999,16.969,34.116,35.175,5.464,22.499,4.892,33.389,32.965,5.126,23.412,31.298,3.976,4.964,32.39,25.541,13.08,2.841,20.748,5.879,21.383000000000006,10.978,17.192,26.003
pc_021,1.962,6.166,4.3260000000000005,38.066,21.602,11.863,4.742,14.288,9.235,38.279,2.3680000000000003,31.185,2.617,4.38,39.313,2.479,29.007,29.893,25.585,22.98,3.713,0.0,9.347,15.745,1.588,7.263,1.534,33.966,30.106,6.754,29.793000000000006,12.305,28.303,25.663,27.95,5.7860000000000005,65.345,11.095999999999998,9.668,27.597,41.377,4.376,5.307,22.848000000000006,12.356,7.478,38.961,1.305,1.056,5.978,10.915,29.392,25.531,5.754,5.917000000000002,7.441,2.115,2.735,6.01,30.228,4.397,28.457,29.387,35.111,1.889,3.595,31.069000000000006,29.811,20.518,11.996,5.235,3.9,20.004,1.836,9.741,4.771,2.719,1.815,19.947,23.794,38.153,8.026,25.477,5.251,39.803,39.378,7.834,19.308,25.98,4.38,5.323,27.072,20.222,16.057000000000002,3.5810000000000004,21.87,3.059,23.887,12.049,11.874,32.417
pc_022,6.535,2.812,3.664,31.02,19.917,17.82,12.934,26.44,1.182,31.086,4.979,23.993,12.438,4.87,32.267,5.91,42.834,22.7,22.466,36.807,4.998,7.593,0.0,8.552999999999999,6.561,2.075,6.276,26.919,23.06,5.667999999999998,22.6,10.62,22.415,32.262,32.184,13.481,76.48899999999998,23.474,1.243,31.832,35.488,3.715,17.081,32.559,10.671,1.152,31.914,8.477,6.5310000000000015,2.2430000000000003,25.452,43.96,39.358,4.65,15.386,3.535,5.957999999999998,6.99,5.936,35.291,4.317,21.264,33.032,28.064,9.061,16.933,32.747,22.618,18.833,4.803,12.284,5.596,12.977,7.0920000000000005,9.266,16.913,12.958,15.585,12.754,37.621,30.96,6.985,18.284,5.745,32.756,32.331,1.777,22.798,32.579,5.496,4.574,31.306,34.79,8.865,4.695,20.133,12.233,20.768,10.364,26.41,25.37
pc_023,16.516,10.695,11.548,31.958,25.794,18.923,17.424,30.93,8.486,28.224,12.863,21.13,18.315,12.754,26.934,14.633,47.325,19.838,28.344,41.298,12.880999999999998,15.689,8.597999999999999,0.0,14.657,9.959,15.226,27.539,28.937,9.066,19.738,16.498,28.292,38.139,38.061,19.358,80.979,33.317,8.918,37.709,41.365,11.598,21.571,37.049,16.548,9.035,27.312,16.573,16.745,10.127,31.329,49.837,43.848,12.534,21.263,8.251,13.466,13.908,9.334,41.168,12.2,18.402,38.909,28.489,17.157,21.423,38.624,19.756,24.71,5.925,16.775,12.85,5.827000000000001,15.188,8.843,21.403,18.835,21.462,9.892,42.111,28.098000000000006,13.345,8.746,11.622,27.004,27.497,9.66,28.675,38.456,11.449000000000002,10.451,37.183,40.667,1.096,12.579,26.01,18.11,26.646,16.241,32.288000000000004,31.247
pc_024,2.361,5.2010000000000005,3.361,31.047,19.925,12.548,5.4270000000000005,15.4,8.27,37.314,3.054,30.22,2.545,5.009,32.294000000000004,1.514,30.12,28.927,21.692,24.093000000000004,3.393,1.534,8.382,14.78,0.0,6.297999999999999,1.07,26.947,23.087,6.752000000000002,28.828000000000007,10.629,22.423,26.776,29.062,5.714,66.457,12.209,8.702,28.71,35.496,3.411,6.42,23.96,10.679,6.513,31.942,2.417,2.59,5.013,12.028,30.505,26.643,4.789,5.8439999999999985,6.476,2.801,3.42,6.207000000000002,31.341,3.432,27.491,30.5,28.092,3.0010000000000003,4.708,32.181999999999995,28.846,18.842,11.03,5.92,4.585,21.116,0.889,10.002,5.884,2.6460000000000004,2.927,18.982,24.907,37.188,8.712,24.511,4.2860000000000005,32.784,32.359,6.869,19.236,27.093000000000004,5.065,4.3580000000000005,28.184,21.335,15.092,2.615,17.105,2.986,19.994,10.372,12.986,25.397
pc_025,6.1110000000000015,2.387,3.24,32.363,21.26,16.374000000000002,11.489,24.995,2.525,32.429,4.555,25.335,7.513,4.4460000000000015,33.61,5.4860000000000015,41.389,24.043000000000006,23.809,35.36199999999999,4.573,7.169,2.096,9.895,6.136,0.0,5.851,28.262,24.402,2.718,23.943,11.963,23.757,33.605,33.527,14.824000000000002,75.044,22.029,2.311,33.175,36.831,3.29,15.635,31.114,12.014,0.978,33.257,8.052999999999999,6.106,2.227,27.391,45.303,37.913,4.226,16.729,1.622,5.534,6.566,2.986,36.634,3.892,22.607,34.375,29.407,8.636000000000001,15.488,34.09,23.961,20.176,4.214,10.839,5.1720000000000015,11.532,6.667999999999998,6.921,15.467,14.300999999999998,8.562999999999999,14.097,36.176,32.303000000000004,6.35,19.627,7.087999999999999,34.099000000000004,33.674,1.15,24.14,33.922,5.072,5.916,32.649,36.133,10.207,4.271,21.476,7.308,22.111,11.706,28.349,26.713
pc_026,1.278,4.847,3.006,31.491,20.37,11.465,4.3439999999999985,15.44,8.715,37.758,1.971,30.664,2.792,3.471,32.738,1.0590000000000002,30.16,29.372,21.94,24.133000000000006,2.805,1.5730000000000002,6.356,15.224,1.068,5.943,0.0,27.391,23.531,6.356,29.272,11.073,22.868,26.816,29.102,5.961,66.497,12.248,6.846,28.75,35.941,3.057,5.597,23.137,11.124,6.159,32.386,2.457,1.129,4.658,12.067,30.545,26.683000000000003,4.434,6.091,6.121,1.717,2.337,5.612,31.381,3.307,27.936,30.539,28.536,3.0410000000000004,3.885,32.221,29.29,19.286,11.475,4.837,3.502,17.625999999999994,1.599,9.344,5.06,2.893,2.967,19.426,24.947,37.632,7.629,24.956,4.731,33.228,32.803000000000004,6.5139999999999985,19.483,27.132,3.982,4.802,28.224,21.375,15.536,2.56,17.352,3.233,20.242,10.817,13.026,25.842
pc_027,29.419,28.912,26.329,4.777,6.957000000000002,42.476000000000006,37.591,31.23,26.703000000000007,23.286,27.644,18.572,25.709,27.977,6.952000000000001,26.856,45.95,17.279,17.375999999999998,39.923,27.662,28.591,26.814,27.419,26.88,28.176,27.449,0.0,6.697,30.325,17.18,14.116,8.225,42.637,31.451,25.686,82.287,29.846,27.135,31.238000000000003,23.513,26.379,39.363,42.955,14.576,27.252,6.6,33.95,34.684,28.344,27.857,46.36600000000001,42.473,27.757,24.668000000000006,29.51,29.858,30.478,30.593000000000004,31.812,26.54,18.788,46.36,1.822,33.38,36.24,29.268,17.198,6.341,29.463,36.941,28.261,31.671,27.91,33.943000000000005,39.195,26.229,33.404,17.657,40.737,25.54,33.957,18.067,25.188,7.442,7.017,27.877,20.574,42.953,32.708,25.26,31.541,37.196,27.731,26.958,26.852,25.504,18.545,14.72,28.816,1.541
pc_028,25.124,24.617,22.034,10.763,3.563,38.182,33.296,26.935,22.408,28.344,23.349,23.63,21.414,23.682,12.01,22.562,41.655,22.337,12.089,35.628,23.368,24.297,22.52,28.918000000000006,22.585,23.881,23.154,6.6629999999999985,0.0,26.03,22.237,12.859000000000002,2.336,38.342,26.165,21.391,77.992,25.551,22.84,25.951,17.230999999999998,22.084,35.068000000000005,38.66,13.319,22.957,11.658,29.655,30.389,24.049,23.563,42.07100000000001,38.178,23.462,20.373,25.215,25.564,26.183000000000003,26.298,26.525,22.245,23.846,27.785,7.808,29.085,31.946,23.982,22.255,6.884,25.168000000000006,32.646,23.966,33.339,23.615,29.648000000000003,34.9,21.934,29.109,22.714,36.442,30.598000000000006,29.662,23.124,20.893,12.5,12.075,23.582,15.288,38.659,28.413,20.965,26.255,32.901,29.23,22.664,22.557,21.21,13.259,19.769,24.521,5.113
pc_029,5.982,1.928,3.349,34.374,23.271,10.132,4.053,21.33,6.089,34.566,4.4430000000000005,27.473000000000006,8.136000000000001,3.987,35.621,6.108,37.724,26.18,25.821,31.697,5.1960000000000015,6.745,4.373,9.069,6.759,2.734,6.347,30.274,26.414,0.0,26.081,13.975,25.769,41.652,35.53800000000001,16.835,71.37899999999998,18.364,4.561,35.186,38.842,3.451,11.970999999999998,27.449,14.025,4.107,35.269,7.286,5.978,3.38,23.726,45.381,34.248000000000005,3.766,18.74,1.979,5.093,5.534,0.948,38.645,4.515,24.744,45.37600000000001,31.418000000000006,8.701,6.374,36.101,26.098000000000006,22.187,3.912,4.546,4.476,7.069,7.291,3.831,11.803,16.312,8.627,16.234,32.511,34.441,3.675,16.846,9.099,36.11,35.686,3.663,26.152,41.969,3.076,7.928,34.66,36.211,9.009,4.894,23.487,7.931,24.123,13.718,24.685,28.724
pc_030,30.519,24.698,25.55,17.869,22.583,38.279,33.394,46.856,22.488000000000003,9.211,26.865,2.1180000000000003,32.317,26.756,11.297,28.635,61.576,1.162,33.001999999999995,55.549,26.884,29.691,22.6,19.705,28.659,23.961,29.228,17.064,22.323,26.127,0.0,28.473000000000006,23.851,58.26300000000001,47.078,33.36,97.913,45.472,22.92,46.864,38.144,25.601,37.54,53.018,30.55,23.038,11.674,30.575,30.748,24.129,43.484,61.992,58.099,26.536,40.294,25.312,27.844,28.876,26.395,47.438,26.203000000000007,4.38,61.987,18.014,31.159,37.392,44.894,1.827,20.698,23.183000000000003,32.744,27.482,23.956,29.191,26.972,37.372,32.837,35.464,9.943,56.363,9.085,29.759,10.353,25.624,11.367,11.86,23.663,36.201,58.58,28.51,24.453000000000007,47.167,52.822,20.017,26.581,40.01300000000001,32.113,34.171,30.243,44.442,18.495
pc_031,13.035,12.563,9.945,18.216,9.296,26.127,21.242,23.975,10.354,34.501999999999995,11.26,29.788,9.325,11.593,18.168,10.472,38.695,28.495,16.344,32.667,11.279000000000002,12.208,10.465,16.863,10.496,11.827,11.065,14.116,12.871,13.976,28.396,0.0,12.348,27.413,30.42,10.368,75.032,22.591,10.786,26.982,27.332,9.995,25.388,35.7,2.508,10.903,17.816,12.542,13.276,11.995,20.602,39.111,35.218,11.373,12.273,13.161,13.474,14.094,14.244000000000002,30.78,10.156,30.004,28.182,15.26,13.125,14.832,28.236,28.414,8.213,13.114,20.592,11.877,21.285,11.526,17.594,25.22,9.845,12.472,21.065,33.481,36.756,17.607,22.773000000000003,8.804,18.658,18.233,11.528,17.948,27.729,22.103,8.876,26.457,29.941,17.175,10.575,15.284,9.121,15.919,2.201,21.561,14.54
pc_032,24.648000000000003,24.141,21.558000000000003,12.267,3.052,37.705,32.82,25.249,21.932,29.847,22.873,25.133000000000006,20.938,23.206,13.514,22.085,39.969,23.841,11.130999999999998,33.942,22.891,23.82,22.043000000000006,28.441,22.109,23.405,22.678,8.166,2.3480000000000003,25.554,23.741,12.348,0.0,25.713,25.207,19.705,76.306,23.865,22.364,24.993,16.475,21.608,33.382,36.974,13.479,22.481,13.162,27.969,28.703000000000007,23.572,21.877,40.385,36.492,22.986,18.687,24.739,25.087,25.707,25.822,25.567,21.769,25.35,26.827,9.311,27.399,30.26,23.024,23.759,6.372999999999998,24.692,32.17,23.49,32.863,23.139,29.172,33.214,21.458,27.423,24.218000000000004,34.756,32.101,29.185,24.628,20.417,14.003,13.578,23.106,14.33,26.03,27.937,20.489,25.297,31.215,28.753,22.187,16.558,20.733,12.300999999999998,13.172,22.835,6.617000000000001
pc_033,26.906,34.25,29.734,46.782,39.761,38.69,36.598,20.973000000000006,32.041,64.363,27.313,59.649,25.984,29.324,48.029,27.887,20.703000000000007,58.356,14.594,16.297,28.658,25.829,32.152,38.55,26.996,33.514,26.942,42.682,38.822,40.479,58.257,27.472,25.747,0.0,4.926,25.073,73.635,21.162,32.473,3.117,17.413,29.784,29.207,32.697,25.328000000000007,32.59,47.677,25.266,26.001,33.681999999999995,16.427,14.671,25.647,31.162,24.055,34.848,27.06,27.679,40.192,5.246,29.805,59.865,4.404,43.827,24.696,27.557,7.513,58.275,32.63,34.801,35.948,29.693,44.732,26.703000000000007,41.279,29.039,26.085,24.721,42.752,23.05,66.617,38.572,48.282,30.491,48.519,48.094,33.215,11.445,0.7879999999999999,37.459,30.563,2.591,9.577,38.863,28.989,12.178,26.426,13.838,25.021,17.883,41.133
pc_034,29.224,34.158,31.54,35.876,27.734,41.007,38.915,23.29,31.949,53.17100000000001,29.63,48.457,28.301,31.642,36.838,30.204,20.08,47.165,14.492,21.313,30.975,28.146,32.06,38.458,29.313,33.422,29.259,31.49,26.165,35.571,47.065,27.38,25.201,5.038,0.0,27.39,75.952,23.48,32.381,1.569,15.727,31.591,31.524,35.015,25.237,32.498000000000005,36.485,27.583,28.318,33.59,18.744,14.048,26.659,32.968,26.372,34.756,29.377,29.997,35.839,3.165,32.122,48.674,1.857,32.635,27.013,29.874,4.461,47.083,33.945,34.709,38.265,32.01,47.049,29.02,43.596,31.356,28.403,27.038,42.66,25.171,55.425,40.889,48.19,30.399,37.327,36.902,33.123000000000005,11.353,2.73,39.776,30.471,1.672,15.35,38.771,31.306,12.086,28.743,14.548,24.929,20.201,29.941
pc_035,6.7010000000000005,10.563,8.722999999999999,29.348000000000006,22.327,20.813,9.767,13.554,12.837,46.929,7.394,42.215,4.474,10.371,30.595,7.027,28.273000000000003,40.922,16.866,22.246,8.887,5.874,12.949000000000002,19.347,5.835,14.31,6.082000000000002,25.248,21.388,16.459,40.822,10.42,19.585,24.961,27.247,0.0,64.611,12.17,13.27,26.894,32.658,8.773,11.636,25.279,10.470999999999998,13.387,30.243,6.207999999999998,6.942,10.375,10.181,28.69,24.797,10.151,1.018,15.644,7.141,7.76,16.727,29.526,9.236,32.059,28.684,26.393,7.125,8.498,27.147,40.84,18.633,15.598,10.26,8.925,23.768,5.193,20.078,11.468,3.511,5.51,23.549,23.06,49.183,20.695,29.078000000000007,7.582000000000002,31.085,30.66,14.012,14.409,25.277,9.405,7.654,26.369,19.52,19.659,8.42,12.279000000000002,4.915,15.168,10.164,11.14,23.698
pc_036,15.392,19.884,19.206,39.007,31.986,17.877,15.785,6.311,25.555,56.587,18.105,46.938,16.764,19.557,40.254,17.051,22.705,45.646,26.525,16.678,18.891,14.993,25.666,29.394,16.160999999999998,24.131,16.105999999999998,34.906,31.046,19.666,45.54600000000001,27.94,29.244,26.633000000000006,28.919,17.297,0.0,10.314,25.987,28.567,42.317,19.256,11.761,11.917,25.797,24.357,39.901,13.732,14.486,21.366,8.707,30.362,19.229,21.68,16.279,23.001,14.261,14.702,19.378,31.198,19.507,44.21,30.357,36.051,15.476,11.613,32.039,45.56399999999999,33.098,23.402,15.135,18.139,23.919,16.409000000000002,20.465,11.593,19.784,15.501,35.7,17.492,53.90600000000001,17.758,37.004,28.565,40.743,40.31800000000001,23.913,24.672,26.95,16.645,27.393,28.041,21.192,29.334,18.153,22.81,17.206,24.827,25.489,9.666,33.357
pc_037,12.282,16.95,15.11,33.532,26.511,17.096,15.004,6.351,27.035,51.113,12.688,46.399,11.36,14.7,34.779,13.262,22.745,45.106,21.05,16.718,14.034,11.205,27.146,33.544000000000004,12.372,28.508000000000006,12.318,29.432,25.572,18.885,45.007,22.465,23.769,21.129,23.416,11.823,60.81,0.0,27.467,23.063,36.843,15.16,7.917999999999998,18.076,20.322,27.584,34.427,10.642,11.376,16.761,5.184,24.858,19.269,16.537,10.805,22.22,12.435,13.055,18.598,25.694000000000006,15.18,46.615,24.853,30.577,10.072,8.338,26.535,45.025,27.623,22.621,14.354,11.681,23.138,12.079,19.685,7.75,11.461,10.097,37.746,17.532,53.367,16.977999999999998,45.894,16.035,35.269,34.844,23.133000000000006,19.198,21.446,15.865,16.107,22.538,15.688,28.554,14.364,17.336,11.800999999999998,19.352,20.015,6.143,27.883000000000006
pc_038,7.0070000000000014,3.283,4.136,31.252,20.149,18.052,13.167,26.672,1.415,31.319000000000006,5.4510000000000005,24.225,12.67,5.3420000000000005,32.499,6.3820000000000014,43.067,22.932,22.699,37.04,5.47,10.044,1.186,8.785,9.012,2.547,6.747999999999998,27.152,23.292,5.9,22.833,10.853,22.647,32.495,32.417,13.713,76.721,23.706,0.0,32.064,35.72,4.186,17.313,32.791,10.903,1.624,32.147,10.928,7.002999999999999,2.715,25.684,44.192,39.59,5.122000000000001,15.618,2.774,6.43,7.4620000000000015,6.167999999999998,35.523,4.789,21.497,33.264,28.297,11.512,17.166,32.98,22.851,19.066,5.0360000000000005,12.517,6.068,13.209,9.543,9.499,17.145,13.19,15.817,12.987,37.854,31.193,7.457000000000002,18.517,5.977,32.989000000000004,32.564,1.277,23.03,32.811,5.968,4.806,31.539,35.023,9.097,5.167000000000002,20.366,12.466,21.001,10.595999999999998,26.643,25.602
pc_039,28.862,33.796,31.689,35.652,27.51,40.645,38.553,22.928,31.587,52.948,29.268,48.234,27.94,31.28,36.614,29.842,21.108,46.941,14.268,21.708,30.613000000000003,27.784,31.699,38.097,28.952,33.06,28.897,31.267,25.941,35.209,46.842,27.018,24.978,3.156,1.5590000000000002,27.028,75.59,23.118,32.019,0.0,15.504,31.739,31.162,34.653,24.875,32.136,36.262,27.222,27.956,33.228,18.383,15.076,27.602,33.117,26.01,34.394,29.015,29.635,35.477,4.544,31.76,48.45,3.236,32.412,26.652,29.512,4.6789999999999985,46.86,33.722,34.347,37.903,31.649,46.687,28.658,43.234,30.995,28.041,26.676,42.298,25.006,55.202,40.527,47.828,30.038,37.104,36.679,32.761,10.992,2.3680000000000003,39.414,30.109,1.51,14.988,38.409,30.944000000000006,11.724,28.381,14.325,24.568,19.839,29.717
pc_040,37.705,37.198,34.615,25.179,19.019,50.76300000000001,45.877,38.307,34.989000000000004,44.25899999999999,35.93,39.544,33.995,36.26300000000001,27.925,35.143,35.408,38.252,17.083,33.494,35.949,36.878,35.101,41.499,35.166,36.462,35.735,22.578000000000007,17.252,38.611,38.152,26.972,16.486,17.455,15.72,32.763000000000005,89.36399999999998,36.922,35.421,15.505999999999998,0.0,34.666,46.44,50.032,26.537,35.53800000000001,27.573,41.026,41.761,36.63,30.169,29.376,39.38800000000001,36.043,31.745,37.796,38.145,38.764,38.879,16.08,34.826,39.761,17.340999999999998,24.272,40.456,43.317,13.537,38.17,22.34,37.749,45.227,36.547,45.92,36.197,42.229,46.272,34.515,40.481,38.629,36.792,46.512,42.243,39.039,33.474000000000004,28.414,27.99,36.163,18.744,16.668,40.994,33.546,15.81,26.775,41.81100000000001,35.245,21.581,33.791,17.139,26.23,31.625,21.028
pc_041,3.425,2.2030000000000003,0.101,30.397,19.275,11.668,3.708,18.35,4.141,34.045,1.87,26.951,4.828,1.749,31.644,2.8,33.07,25.659,21.825,27.043000000000006,1.888,4.4830000000000005,3.712,11.512,3.451,3.299,3.1660000000000004,26.297,22.437,3.753,25.559,9.979,21.773000000000003,29.726,32.012,8.85,71.12,15.158,4.202,31.66,34.846,0.0,6.433,27.19,10.029,3.515,31.292,5.367000000000001,3.4210000000000003,2.014,14.977,33.455,29.593000000000004,1.529,9.221,3.477,2.849,3.881,2.814,34.291,1.207,24.223000000000006,33.449,27.441,5.9510000000000005,4.721,32.106,25.577,18.191,6.555,4.2,2.486,9.847,3.982,6.609,5.896,5.561,5.877000000000002,15.713,27.857,33.919000000000004,5.397,21.243,3.636,32.133,31.709,3.87,22.156,30.042,3.908,3.708,31.134,24.285,11.824000000000002,1.585,19.492,4.623,20.127,9.722,15.936,24.747
pc_042,5.606,12.592,6.237,42.996,35.975,10.585,8.493,10.3,18.263,46.74,5.1370000000000005,39.647,8.842,6.589,44.243,7.265,26.695,38.354,30.514,20.668000000000006,5.922999999999999,5.207000000000002,18.375,22.102,6.375,16.839000000000002,6.32,38.896,35.036,12.374,38.255,26.149,33.233000000000004,29.079,31.365,11.451,63.401,7.8,18.695,31.013,46.306,6.287000000000001,0.0,19.471,26.199,17.065,43.89100000000001,3.946,4.7,7.8889999999999985,12.696,32.808,23.218000000000004,7.665,11.464,15.709,4.475,4.916,12.087,33.644,6.5379999999999985,36.918,32.802,40.041,5.943,1.827,34.485,38.272,34.361,16.11,7.843,5.17,16.627,6.622000000000001,13.174,1.239,8.943,7.579,28.408,21.482,46.615,10.467,29.713,10.037,44.733,44.308,16.622,28.662,29.395,9.354,20.102,30.487,23.638,22.043000000000006,8.367,26.799,9.284,28.816,25.892,13.655,37.346
pc_043,23.185,27.677,26.998,44.46100000000001,38.427,25.669,23.577,8.984,33.347,62.041,25.898000000000003,57.327,23.692,27.35,45.708,25.594,16.119,56.035,31.979,10.744000000000002,26.684,23.537,33.459,37.187,24.704,31.924,24.65,40.361,36.501,27.459,55.935,33.394,34.698,32.087,34.373000000000005,22.751,49.75100000000001,18.073,33.78,34.021,47.771,27.048,19.554,0.0,31.251,32.15,45.356,21.525,22.279,29.159,16.465999999999998,21.766,9.083,29.473000000000006,21.733,30.793000000000006,22.053,22.495,27.171,36.652,27.299,52.003,35.811,41.505,22.404,19.406,37.493,55.953,38.552,31.195,22.928,25.931,31.711,24.411,28.258000000000006,19.386,25.239,22.429,43.493,11.067,64.295,25.551,44.797,36.357,46.197,45.772,31.706,30.126,32.404,24.438,35.186,33.495,16.939,37.127,28.073,28.264,24.134,30.281,30.944000000000006,17.425,38.811
pc_044,13.072,12.6,9.982,18.676,9.756,26.164,21.279,21.832,10.390999999999998,34.962,11.297,30.248,9.362,11.63,18.628,10.509,36.551,28.955,15.491,30.524,11.315,12.244000000000002,10.502,16.9,10.533,11.864,11.102,14.576,13.331,14.013,28.856,2.508,13.406,25.27,25.192,10.405,72.889,20.448,10.823,24.839,26.479,10.032,25.425,33.556999999999995,0.0,10.94,18.276,12.578,13.313,12.031,18.459,36.968,33.075,11.41,12.31,13.198,13.511,14.130999999999998,14.281,29.927,10.193,29.612,26.039,15.72,13.162,14.869000000000002,27.383000000000006,28.874,8.673,13.151,20.629,11.914,21.321,11.563,17.631,25.257,9.882,12.509,21.102,31.338,37.216,17.644000000000005,26.632,8.841000000000003,19.118,18.693,11.565,15.805,25.586,22.14,8.913,24.314,27.798,17.212,10.611,13.140999999999998,9.157,13.776,0.307,19.418,15.0
pc_045,6.306,2.582,3.435,31.428,20.325,16.652,11.767,25.272,1.59,31.494,4.75,24.4,7.707999999999998,4.641,32.675,5.681,41.667,23.108,22.874,35.64,4.768,7.364,1.161,8.961,6.331,0.982,6.046,27.327,23.467,4.0939999999999985,23.008000000000006,11.028,22.823,32.67,32.592,13.889,75.321,22.306,1.651,32.24,35.896,3.485,15.913,31.391,11.079,0.0,32.322,8.248,6.301,2.055,25.86,44.368,38.19,4.421,15.794,2.353,5.729,6.761,4.362,35.699,4.087,21.672,33.44,28.472,8.831,15.765999999999998,33.155,23.026,19.241,5.211,11.117,5.367000000000001,11.809,6.863,8.297,15.745,13.366,8.758,13.162,36.454,31.368,6.755,18.692,6.153,33.164,32.739000000000004,0.594,23.206,32.986999999999995,5.267,4.982,31.714,35.198,9.273,4.466,20.541,7.502999999999999,21.176,10.772,26.818,25.778
pc_046,35.353,34.847,32.264,7.294,12.892,48.411,43.526,37.165,32.638000000000005,17.732,33.579,13.018,31.644,33.912,1.499,32.791,51.885,11.725,23.31,45.858,33.597,34.526,32.749,27.103,32.815,34.111,33.384,7.372999999999998,12.632,36.26,11.626,18.781,14.16,48.572,37.386,31.621,88.22200000000002,35.781,33.07,37.172,28.452,32.314,45.298,48.89,19.241,33.187,0.0,39.885,40.619,34.278,33.792,52.301,48.408,33.692,30.603,35.445,35.793,36.413,36.528,37.746,32.475,13.234000000000002,52.295,8.323,39.314,42.175,35.203,11.643,11.005999999999998,30.581,42.87600000000001,34.196,31.355,33.845,34.371,45.13,32.164,39.339,17.340999999999998,46.67100000000001,19.986,39.891,17.750999999999994,31.123,0.8370000000000001,1.239,33.812,26.509,48.88800000000001,38.643,31.195,37.476,43.131,27.415,32.893,32.787,31.439,24.48,19.386,34.751,8.804
pc_047,2.072,6.8439999999999985,4.138,37.593,30.572,12.657,5.269,13.814,10.076,55.174,2.478,32.025,2.911,4.49,38.84,3.319,28.534,30.733,25.111,22.507,3.823,1.261,7.487,16.586,2.4290000000000003,7.075,2.374,33.493,29.633000000000006,7.2810000000000015,30.633000000000006,12.599,27.83,25.19,27.476,6.08,64.87100000000001,10.623,7.978,27.124,40.903,4.188,4.003,21.543000000000006,12.649,7.29,38.488,0.0,1.166,5.79,10.442,28.919,25.057,5.566,6.21,8.561,2.225,2.845,6.537000000000001,29.755,5.237,29.297,28.914,34.638000000000005,1.415,2.291,30.596,30.651,20.812,18.182,5.7620000000000005,4.427,18.699,2.677,10.269,3.466,3.012,1.342,20.787,23.321,38.993,8.554,31.784,6.0920000000000005,39.33,38.905,7.646,23.259,25.507,4.907,6.164,26.598000000000006,19.749,16.898,4.421,21.397,3.353,23.413,12.342,11.401,31.943
pc_048,1.195,5.102,3.262,38.328,31.307,11.095999999999998,3.975,14.549,7.04,36.944,1.602,29.851,3.646,3.613,39.575,2.188,29.269,28.558000000000003,25.846,23.241,2.947,1.056,6.6110000000000015,14.411,2.645,6.199,1.129,34.227,30.368,5.987,28.459,13.334,28.565,25.925,28.211,6.814,65.60600000000001,11.357,7.101,27.859,41.63800000000001,3.312,4.757,22.297,13.384,6.414,39.222,1.166,0.0,4.913,11.175999999999998,29.654,25.792,4.689,6.945,6.376,1.349,1.968,5.2429999999999986,30.49,3.563,27.122,29.648000000000003,35.372,2.15,3.045,31.33,28.476,21.546,9.2,4.468,3.133,17.257,2.893,8.975,4.221,3.747,2.076,19.08,24.055,36.819,7.26,24.142,6.308,40.064,39.639,6.77,23.993,26.241,3.613,6.379,27.333,20.484,14.723,4.637,22.131,4.087,24.148000000000003,13.077,12.135,32.678000000000004
pc_049,4.84,1.878,1.97,32.516,21.413,11.738,4.954,22.936,2.678,32.582,3.284,25.488000000000003,6.242000000000001,3.352,33.763000000000005,4.215,34.484,24.196,23.962,28.457,3.303,5.898,2.249,10.049,4.8660000000000005,2.248,4.581,28.415,24.555,3.428,24.096,12.116,23.911,31.141,33.68,10.265,72.985,16.573,2.739,33.328,36.984,2.02,7.847,29.055,12.167,2.052,33.41,6.782,4.836,0.0,16.392,34.87,31.008000000000006,3.131,10.636,2.426,4.2639999999999985,5.296,2.883,36.787,2.622,22.76,34.864000000000004,29.56,7.366,6.135,34.243,24.114,20.329,6.299,5.447,3.901,9.916,5.397,6.678,7.311,6.976,7.292000000000002,14.25,29.271,32.456,5.466,19.78,5.051,34.251999999999995,33.827,2.407,24.294,31.457,3.977,6.07,32.802,25.7,10.361,3.0,21.629,6.0379999999999985,22.264,11.86,17.351,26.866
pc_050,12.064,24.27,14.892,31.911,24.89,22.263,20.171,4.545,25.413,49.492,12.470999999999998,44.778,11.142,14.482,33.158,13.045,19.026,43.485,19.429,12.999,13.816,10.987,25.525,31.923,12.154000000000002,26.886,12.1,27.811,23.951,24.052,43.385,20.844,22.148000000000003,16.371,18.657,10.202,55.363,4.985,25.846,18.305,30.162,14.942,12.678,16.27,18.701,25.963,32.806,10.424,11.159,16.544,0.0,20.1,15.549,16.32,9.184,27.387,12.218,12.837,23.765,20.936,14.963,44.994,20.095,28.956,9.854,13.098,21.777,43.403,26.002,27.788,19.521,14.851,28.305,11.861,24.852,12.51,12.689,9.879,36.125,13.813,51.746,22.145,44.272,18.731,33.648,33.223,26.588,17.577,16.688,21.031,18.803,17.78,10.93,32.235,14.147,15.714,11.584,17.730999999999995,18.394,1.456,26.261
pc_051,30.577,35.245,33.405,50.453,43.432,42.361,40.269,21.517,43.955,68.03399999999999,30.983,63.32,29.655,32.995,51.7,31.557,9.789,62.027,27.257,11.022,32.329,29.5,44.067,50.465,30.667,45.428,30.613000000000003,46.353,42.493,44.15,61.928,39.386,40.69,14.637,14.034,28.744,53.992,24.833,44.38800000000001,15.042,29.339,33.455,32.878,21.519,37.243,44.505,51.348,28.937,29.671,35.056,20.098,0.0,16.368,34.832,27.726,47.485,30.73,31.35,43.863,14.432,33.475,63.536,13.513,47.49800000000001,28.367,31.228,16.622,61.94600000000001,44.544,46.716,39.619,33.364000000000004,48.403,30.374,44.95,32.71,29.756,28.392,54.667,13.378,70.288,42.243,62.815,34.33,52.19,51.765,45.13,22.125,14.954,41.129,34.402,13.776,9.17,50.777,32.659,20.807,30.096,25.407,36.936,21.554,44.803
pc_052,26.682,34.835,29.51,46.529,39.508,32.827,30.735,12.877,40.031,64.11,27.089,59.396,25.76,29.1,47.776,27.663,7.146,58.103,34.047,5.2570000000000014,28.434,25.605,40.143,46.541,26.772,39.082,26.718000000000004,42.429,38.569,34.617,58.003,35.462,36.766,25.339,26.645,24.819000000000006,40.778,19.339,40.463,27.273000000000003,39.13,29.56,23.243,9.067,33.319,40.581,47.424,25.042,25.777,31.162,17.732,16.368,0.0,30.938,23.802,37.952,26.835,27.455,34.329,27.043000000000006,29.581,59.612,26.124,43.573,24.472,23.663,29.232,58.021,40.62,38.353,30.086,33.089,38.869,26.479,35.416,23.075,27.307,24.497,50.743,4.088,66.363,32.709,58.89,33.349000000000004,48.265,47.841,38.864,32.194,25.656,31.596,33.42,26.748,11.822,44.285,28.764,30.332,26.202,32.349000000000004,33.012,18.691,40.879
pc_053,5.016,2.236,1.641,31.988000000000003,20.866,12.071,5.2879999999999985,23.269,5.732,35.636,3.4610000000000003,28.542,6.419,0.22,33.235,4.391,39.664,27.25,23.416,33.637,3.479,6.074,5.303,13.103,5.042,4.89,4.757,27.888,24.028,3.9,27.15,11.57,23.364,31.317,33.603,10.441,73.318,16.749000000000002,5.792999999999998,33.251,36.437,1.742,13.91,29.388,11.62,5.106,32.883,6.957999999999998,5.012,3.605,16.567999999999998,35.046,36.187,0.0,10.812,5.0680000000000005,4.44,5.472,3.217,35.882,2.798,25.814,35.04,29.032,7.542000000000002,6.312,33.696,27.168000000000006,19.782,6.968,5.7810000000000015,4.077,10.25,5.573,7.0120000000000005,7.487,7.152,7.468,17.304000000000002,34.451,35.51,5.799,22.834,5.227,33.724000000000004,33.3,5.461,23.747,31.633000000000006,4.311,5.299,32.725,25.876,13.415,3.176,21.083,6.214,21.718000000000004,11.313,17.527,26.338
pc_054,6.695,10.999,9.159,28.33,21.309,30.253,9.761,12.536,14.802,45.911,7.388,41.197,4.468,10.807,29.577,7.021,27.256,39.904,15.848,21.229,8.881,5.867000000000001,14.914,21.312,5.829,16.275,6.0760000000000005,24.23,20.37,18.425,39.805,12.386,18.567,23.943,26.229,1.018,63.593,11.152,15.235,25.877,31.64,9.209,11.629,24.261,15.12,15.352,29.225,6.2010000000000005,6.936,10.811,9.163,27.672,23.779,10.587,0.0,17.61,7.134,7.754,18.693,28.508000000000006,9.23,41.413,27.666,25.375,7.1179999999999986,8.492,26.129,39.823,22.421,17.563,27.511,8.919,36.295,5.186,32.842,11.461,3.505,5.504,25.514,22.043000000000006,48.165,30.135,31.044,9.547,30.067,29.642,15.977,13.392,24.259,9.399,9.619,25.351,18.502,21.624,8.413,11.261,4.909,14.15,14.813,10.122,22.68
pc_055,6.31,2.145,3.439,33.567,22.464,15.265,5.339,23.886,3.992,33.76,4.754,26.666,7.7120000000000015,4.204,34.814,5.684,40.28,25.373,25.014,34.253,4.772,7.3679999999999986,3.563,8.262,6.335,1.643,6.05,29.467,25.607,1.979,25.274,13.168,24.962,34.81,34.731,16.028,73.935,20.92,2.826,34.379,38.035,3.489,14.526,30.005,13.218,2.371,34.462,8.572000000000001,6.305,2.426,26.282,47.937,36.804,3.983,17.933,0.0,6.379,6.8210000000000015,2.247,37.838,4.091,23.938,35.579,30.612,8.835,14.379,35.29400000000001,25.292,21.38,3.105,9.73,5.763,7.55,6.867000000000001,6.182,14.358,15.505,8.761000000000001,15.428,35.067,33.634,5.6110000000000015,16.039,8.292,35.304,34.879,1.927,25.345,35.126,4.362,7.121,33.853,38.767,8.203,4.47,22.681,7.5070000000000014,23.316,12.911,27.24,27.917
pc_056,1.3530000000000002,4.665,2.689,39.386,22.835,10.211,3.09,15.901,6.468,36.372,1.029,29.278,3.85,3.0410000000000004,40.633,2.776,30.327,27.986,26.905,24.3,2.375,2.115,6.039,13.838,2.821,5.626,1.717,35.286,31.426,5.102,27.886,13.538,29.623,26.983,29.27,7.019,65.95,12.416,6.529,28.917,42.697,2.739,4.479,22.02,13.589,5.8420000000000005,40.281,2.225,1.349,4.341,12.235,30.712,26.851,4.117,7.15,6.3820000000000014,0.0,0.591,4.3580000000000005,31.548,2.99,26.55,30.707,36.431,3.209,2.767,32.389,27.904,21.751,8.315,3.583,2.248,16.372,3.069,8.089,3.943,3.952,3.135,18.04,25.114,36.246,6.375,21.249,6.484,41.12300000000001,40.698,6.197,20.541,27.3,2.728,6.556,28.392,21.542,14.15,3.763,23.19,4.292,25.207,13.282,13.194,33.736999999999995
pc_057,2.006,5.14,3.79,40.04,23.489,10.686,3.565,16.375999999999998,7.569,37.473,1.683,30.379,4.504,4.142,41.287,3.43,30.981,29.086,27.558000000000003,24.954,3.475,2.769,7.1389999999999985,14.939,3.475,6.727,2.371,35.94,32.08,5.577000000000001,28.987,14.192,30.277,27.637,29.923,7.672999999999999,66.425,11.348,7.63,29.571,43.35,3.84,4.955,22.495,14.243,6.942,40.935,4.155,2.002,5.442,12.889,31.366,27.504,5.218,7.803,6.857,0.625,0.0,4.833,32.202,4.091,27.651,31.361,37.085,3.862,3.2430000000000003,33.043,29.005,22.405,8.79,4.058,2.7230000000000003,16.847,3.723,8.565,4.418,4.605,3.789,19.141,25.768,37.347,6.85,21.724,7.138,41.777,41.352,7.297999999999999,21.195,27.954,3.2030000000000003,7.21,29.045,22.196,15.251,4.864,23.844,4.9460000000000015,25.86,13.935,13.848,34.39
pc_058,5.238,1.358,2.737,34.642,23.539,9.852,3.3080000000000003,21.05,4.612,34.834,3.698,27.741,7.596,3.374,35.889,5.568,37.444,26.448,26.089,31.417,4.6560000000000015,6.0,4.182,9.337,6.2189999999999985,3.002,5.603,30.542,26.682,0.948,26.349,14.243,26.037,41.372,35.806,17.102999999999998,71.09899999999998,18.084,4.83,35.454,39.11,2.838,11.691,27.169,14.293,4.375,35.537,6.541,5.234,2.84,23.446,45.101000000000006,33.968,3.154,11.989,2.247,4.348,4.79,0.0,38.913,3.975,25.012,45.096,31.686,7.957000000000002,5.63,36.369,26.367,22.455,4.18,3.801,3.732,7.172999999999999,6.751,3.935,11.523,8.329,7.882999999999999,16.503,32.231,34.709,3.58,17.114,9.367,36.378,35.954,3.931,26.42,41.68899999999999,2.331,8.196,34.928000000000004,35.931,9.277,4.354,23.755,7.391,24.391,13.986,24.405,28.992
pc_059,31.367,40.522,34.195,36.226,28.084,43.151,41.059,25.434,38.313,53.522,31.774,48.808,30.445,33.785,37.188,32.348,20.3,47.515,14.842,21.533,33.119,30.29,38.425,44.823,31.457,39.786,31.403,31.841,26.515,41.935,47.416,30.296,25.551,5.257999999999999,3.182,29.534,78.095,25.623,38.745,4.552,16.078,34.245,33.668,37.158,29.861,38.862,36.836,29.727,30.462,39.954,20.888,14.268,26.879,35.62300000000001,28.516,41.12,31.52,32.14,42.203,0.0,34.266,49.024,2.025,32.986,29.157,32.018,2.926,47.434,34.296,41.073,40.409,34.154,49.19300000000001,31.164,45.74,33.5,30.546,29.182,49.025,25.391,55.776,43.033,54.554,33.461,37.678,37.253,39.488,15.906,5.575,41.92,33.533,3.286,14.038,45.135,33.449,16.639,30.887,14.899,29.554,22.344,30.291
pc_060,3.536,2.879,1.039,30.493,19.371,10.939,3.818,18.286,4.817,34.721,1.98,27.628,4.7639999999999985,2.687,31.74,2.736,33.006,26.335,21.921,26.979,1.998,4.42,4.388,12.188,3.387,3.976,3.29,26.393,22.533,4.43,26.236,10.075,21.869,29.662,31.948,9.027,71.23,15.095,4.879,31.596,34.942,1.089,6.542999999999998,27.3,10.125,4.191,31.388,5.303,3.531,2.69,14.914,33.391,29.529,2.466,9.157,4.154,2.959,3.991,3.884,34.227,0.0,24.899,33.386,27.537,5.8870000000000005,4.831,32.201,26.254,18.287,7.231,4.311,2.597,10.918,3.919,7.68,6.006,5.497999999999998,5.813,16.39,27.793000000000006,34.596,6.4670000000000005,21.919,3.732,32.229,31.805,4.547,22.252,29.979,3.4560000000000004,3.804,31.07,24.221,12.5,1.5219999999999998,19.588,4.559,20.223,9.818,15.872,24.843000000000004
pc_061,29.172,23.351,24.203000000000007,19.54,24.254,36.932,32.047,48.527,21.141,12.805,25.518,5.7120000000000015,30.97,25.409,12.967,27.288,63.246,5.292999999999998,34.672,57.219,25.537,28.344,21.253,18.358,27.312,22.614,27.881,18.735,23.994,24.78,4.319,29.153,25.522,59.934,48.74800000000001,32.013000000000005,99.584,47.143,21.573,48.534,39.814,24.254,36.19300000000001,51.67100000000001,29.203000000000007,21.691,13.345,29.228,29.401,22.782,45.154,63.663,59.77,25.189,41.965,23.965,26.497,27.529,25.048,49.108,24.856,0.0,63.657,19.685,29.812,36.045,46.565,4.847,22.368,21.836,31.397,26.135,21.678,27.844,24.694000000000006,36.025,31.49,34.117,8.596,58.033,12.679,28.412,8.074,24.277,13.038,13.531,22.316,41.33,60.25,27.163,23.106,49.839,54.493,18.67,25.234,38.666,30.766,39.301,28.896,46.113,20.165
pc_062,31.2,34.952,34.027,51.076,29.38,42.983,40.891,25.266,32.742,68.656,31.606,63.942,30.278,33.618,52.323,32.18,20.132,62.65,16.137999999999998,21.365,32.951,30.122,32.854,39.252,31.29,34.215,31.235,46.975,27.811,36.364,62.55,28.173,26.847,5.09,1.871,29.366,77.928,25.456,33.175,3.241,17.374000000000002,34.077,33.5,36.991,26.03,33.292,51.971,29.56,30.294,34.383,20.721,14.1,26.711,35.455,28.348000000000006,35.549,31.353,31.973000000000006,44.485,2.023,34.098,64.15899999999999,0.0,48.12,28.99,31.85,4.222,62.56800000000001,35.592,35.50199999999999,40.241,33.986999999999995,49.025,30.996,45.572,33.333,30.379,29.014,43.45399999999999,25.223000000000006,70.91,42.865,48.983,31.193,52.812,52.387,33.917,12.147,3.443,41.752,31.265,1.975,13.871,39.564,33.282,12.88,30.719,16.195,25.723000000000006,22.177,45.426
pc_063,30.563,30.057,27.474,2.955,8.102,43.621,38.736,32.375,27.848000000000006,22.041,28.789,19.522,26.854,29.122,7.902,28.001,47.095,18.23,18.52,41.06800000000001,28.807,29.736,27.959,28.369,28.025,29.321,28.594,1.822,7.842,31.47,18.13,15.26,9.37,43.782,32.596,26.831,83.432,30.991,28.28,32.382,23.802,27.524,40.508,44.1,15.72,28.397,7.55,35.095,35.829,29.488000000000003,29.002,47.511,43.618,28.902,25.813,30.655,31.003,31.623,31.738000000000003,32.956,27.685,19.738,47.505,0.0,34.524,37.385,30.413,18.148,7.485,30.608,38.086,29.406,32.621,29.055,35.088,40.34,27.374,34.549,18.607,41.881,24.482,35.101,19.017,26.333,8.392000000000001,7.967,29.022,21.719,44.098,33.853,26.405,32.686,38.341,28.681,28.103,27.997,26.649,19.69,15.865,29.961,2.6860000000000004
pc_064,3.067,7.734,5.894,37.034,29.992,15.185,6.6960000000000015,13.255,16.5,54.615,3.4730000000000003,49.901,4.395,5.485,38.281,4.047,27.975,48.608,24.552,21.948,4.8180000000000005,1.989,16.611,23.009,3.156,8.831,3.102,32.934,29.074,8.708,48.50899999999999,14.083,27.271,24.631,26.918000000000006,7.002999999999999,64.312,10.064,16.932000000000002,26.565,40.345,5.944,6.0070000000000014,24.98,14.133,9.046,37.929,1.4269999999999998,2.161,7.546,9.883,28.36,24.499,7.322,7.017,9.009,3.22,3.84,7.963999999999999,29.196,5.965,30.025,28.355,34.079,0.0,3.717,30.037,48.527,22.295,20.71,7.188,5.853,21.227,3.404,11.695,5.839,4.496,1.794,27.211,22.762,56.869,15.066,27.045,6.819,38.771,38.346,9.402,22.7,24.948,6.334,6.891,26.04,19.19,17.625,5.149,20.838,4.836,22.854,13.826,10.842,31.385
pc_065,3.951,5.932,4.582,39.884,32.863,10.538,4.357,13.305,18.216,46.694,3.482,39.6,5.202000000000001,4.934,41.131,5.61,29.7,38.307,27.402,23.673,4.267,3.552,7.931,22.056,4.7189999999999985,7.519,4.665,35.784,31.924,6.369,38.208,14.89,30.121,27.481,29.767,8.371,63.354,8.277000000000001,8.422,29.415,43.194,4.632,1.884,19.424,14.94,7.734,40.779,2.291,3.045,6.234,15.701,31.21,26.223000000000006,6.01,8.501,7.649,2.819,3.261,5.625,32.046,4.883,36.872,31.204,36.928,3.706,0.0,32.886,38.226,23.102,16.063,5.497999999999998,3.515,16.58,4.967,13.127,1.348,5.303,3.632,28.362,24.487,46.56800000000001,10.42,29.666,8.382,41.62,41.19600000000001,16.575,25.549,27.797,3.995,8.454,28.889,22.04,21.996,6.7120000000000015,23.687,5.643,25.704,14.633,16.66,34.234
pc_066,32.333,37.979,32.059,33.683,25.541,44.117,42.025,26.4,35.769,50.978,32.74,46.264,31.411,33.706,34.645,33.314,23.243,44.972,12.299,24.476,34.085,31.256,35.881,42.279,32.423,37.242,32.369,29.297,23.972,39.392,44.872,27.753,23.008000000000006,8.201,4.475,27.296,79.062,26.589,36.202,4.6789999999999985,13.534,32.109,34.634,38.125,27.317,36.319,34.292,30.693,31.428,37.41,21.854,17.211,29.822,33.486,26.279,38.577,32.486999999999995,33.106,39.66,2.926,32.269,46.48,4.186,30.442,30.123,32.984,0.0,44.89,31.752,38.53,41.375,35.12,46.7,32.13,43.01,34.466,29.784,30.148000000000003,46.481,28.334,53.232,43.999,52.011,30.917,35.134,34.709,36.944,12.5,5.84,42.886,30.989,4.982,16.982,42.591,32.688,14.300999999999998,31.853,12.355,27.01,23.311,27.748
pc_067,31.125,25.304,26.157,15.782,20.243,38.886,34.0,44.51600000000001,23.095,8.961,27.472,2.485,32.924,27.363000000000003,8.956,29.242,59.235,2.315,30.661,53.208,27.49,30.298,23.207,20.312,29.266,24.568,29.835,14.724,19.983,26.734,2.919,26.132,21.511,55.923,44.737,38.972,95.573,43.132,23.527,44.523,35.80300000000001,26.207,38.147,56.24100000000001,26.592,23.644,9.334,31.182,31.354,24.736,41.143,59.652,55.75899999999999,27.143,37.954,25.919,28.451,29.483,27.002,45.097,26.809,5.683,59.646,15.674,46.665,37.999,42.554,0.0,18.357,23.789,33.35,28.089,24.563,29.797,27.579,37.979,33.444,36.071,10.549,54.022,10.374,30.366,10.959,26.231,9.027,9.52,24.269,33.86,56.239,29.117,25.06,44.827,50.482,20.624,27.188,40.13800000000001,32.719,31.831,26.736,42.102,16.154
pc_068,21.247,20.776,18.158,10.454,3.321,34.34,29.455,29.131,18.566,26.74,19.473,22.026,17.538,19.806,10.406,18.685,43.85,20.733,19.926,37.823,19.491,20.42,18.678,25.076,18.709,20.039,19.278,6.354,6.896,22.188,20.634,8.213,6.372999999999998,32.569,34.001999999999995,18.581,80.188,27.746,18.999,33.788000000000004,22.887,18.208,33.601,40.856,8.673,19.116,10.054,20.754,21.489,20.207,25.758000000000006,44.26600000000001,40.374,19.586,22.569000000000006,21.373,21.687,22.307,22.456,34.361999999999995,18.369,22.242,35.622,7.497999999999998,21.338,23.045,31.818,20.652,0.0,21.327,28.805,20.09,29.497,19.739,25.807,33.433,18.058,20.685,21.111,38.637,28.994,25.82,21.521,17.017,10.896,10.470999999999998,19.741,23.104,32.885,24.571,17.089000000000002,31.613000000000003,35.096,25.388,18.787,20.44,17.333,21.075,8.817,26.717,6.778
pc_069,9.218,4.745,6.167000000000002,33.976,22.873,16.104,11.218,24.724,5.691,31.699,7.678,24.606,15.394,6.8039999999999985,30.41,11.712,41.118,23.313,25.423,35.091,8.014,12.768,5.803,5.944,11.736,4.243,12.305,29.876,26.016,3.928,23.213,13.577,25.371,35.219,35.14,16.437,74.773,21.758000000000006,4.924,34.788000000000004,38.444,6.269,15.364,30.843000000000004,13.627,4.4689999999999985,34.871,17.336,9.214,5.026,27.12,46.916,37.642,6.584,18.342,3.113,8.328,8.77,4.1960000000000015,38.247,7.332999999999998,21.877,35.988,31.021,19.901,15.217,35.703,23.231,21.789,0.0,10.568,7.7120000000000015,5.232,12.267,4.39,15.197,15.914,18.541,13.367,35.905,31.574,7.56,13.720999999999998,8.701,30.48,30.973000000000006,4.026,25.754,35.535,6.311,7.53,34.262,37.746,5.884,7.711,23.09,15.189,23.725,13.32,28.079,28.326
pc_070,4.51,4.074,4.0710000000000015,42.71,31.607,6.627999999999999,0.65,16.871,14.425,42.903,2.97,35.809,7.007999999999999,4.423,43.957,4.77,33.265,34.517,37.084,27.238000000000003,3.756,5.272,14.537,18.265,5.979,13.001,4.875,38.61,34.75,4.511,34.417,22.311,34.105,37.19300000000001,39.479,10.177,66.92,13.905,14.858,39.127,47.178,4.121,7.511,22.99,22.361,13.228,43.605,5.813,4.506,5.556,19.267,40.922,29.788,5.499,26.839,5.791,3.621,4.062,3.767,41.758,4.372,33.081,40.916,39.755,7.229,5.118,42.598,34.435,30.524,12.273,0.0,3.004,12.789,6.227,9.336,7.343,7.109,7.155,24.571,28.052,42.777,6.629,25.875,7.3439999999999985,44.447,44.022,12.784,35.232,37.509,1.511,16.264,38.601,31.752,18.205,5.145,33.37,7.449,35.386,22.054,20.225,37.061
pc_071,3.482,4.436,2.927,32.962,21.84,9.982,2.861,20.224,6.706,36.61,1.827,29.517,5.98,3.279,34.209,3.627,36.619,28.224,24.39,30.507,2.613,4.245,6.277,13.243,4.9510000000000005,5.864,3.847,28.862,25.002,4.873,28.124,12.544,24.338,29.976,32.262,9.149,70.273,11.979,6.767,31.91,37.411,2.978,5.586,26.343000000000004,12.594,6.08,33.857,4.7860000000000005,3.478,4.579,15.228,33.705,33.142,4.355,9.279,6.153,2.593,3.034,4.129,34.541,3.228,26.788,33.7,30.006,6.2010000000000005,3.874,35.382,28.142,20.756,8.086,3.354,0.0,16.143,5.199,7.8610000000000015,5.05,6.081,6.127000000000002,18.278,31.406,36.484,6.073,21.02,6.2010000000000005,34.698,34.274,6.435,28.045,30.293000000000006,2.499,6.273,31.384,24.535,13.183,4.002,26.183000000000003,6.4220000000000015,22.692,12.287,16.186,27.312
pc_072,15.816,8.38,9.759,40.312,29.209,13.455,11.956,25.461,12.027,32.205,14.276,25.112,21.73,10.396,30.916,16.076,41.856,23.819000000000006,31.759,35.829,15.062,19.334,12.139,5.832999999999998,18.072,10.603,16.18,36.212,32.352,7.05,23.719,19.913,31.707,45.783,48.07,22.773000000000003,75.51,22.495,12.459,47.717,44.78,9.86,16.102,31.58,19.963,10.83,31.293000000000006,18.073,15.812,9.862,27.857,49.512,38.379,10.176,24.678,9.473,14.925999999999998,15.368,7.154,50.349,10.997,21.518,49.507,37.357,20.638,15.954,42.04,23.737,28.126,5.232,11.306,14.31,0.0,20.75,3.374,15.934,22.25,19.415,14.941,36.643,32.08,7.877000000000002,13.443,15.037,30.986,31.479,10.386,32.09,46.1,12.816,13.866,47.192,40.342,5.774,11.376,29.426,21.526,30.061,19.656,28.816,34.662
pc_073,2.629,5.733,3.893,32.008,20.886,12.816,5.695,15.153,8.802,37.845,3.322,30.751,1.902,5.54,33.255,2.045,29.873,29.459,21.049,23.846,3.925,1.802,7.242000000000001,15.311,0.889,6.829,1.602,27.908,24.048,7.282999999999999,29.359,11.59,23.384,26.529,28.815,5.0710000000000015,66.21,11.962,7.732,28.463,36.457,3.943,6.688,26.878,11.64,7.045,32.903,2.6860000000000004,2.858,5.544,11.781,30.258000000000006,26.396,5.32,5.2010000000000005,7.0070000000000014,3.069,3.689,6.738,31.094,3.963,28.023000000000003,30.253,29.053,3.269,4.976,31.935,29.377,19.803,11.562,6.188,4.853,21.385,0.0,10.533,6.152,2.003,3.5660000000000003,19.513,24.66,37.719,8.98,25.043000000000006,4.8180000000000005,33.745,33.32,7.4,18.593,26.846,5.332999999999998,4.8889999999999985,27.938,21.088,15.624,3.147,16.462,2.343,19.351,11.333,12.74,26.358
pc_074,8.951,5.141,6.521,37.54,26.437,10.91,8.603,22.108,9.255,35.221,7.411,28.128,11.38,7.158,38.787,9.352,38.503,26.835,28.987,32.476,8.44,9.713,9.367,8.849,10.003,6.917999999999998,9.316,33.44,29.58,3.812,26.735,17.141,28.935,42.43,44.717,20.001,72.157,19.142,8.488,44.364,42.008,6.622000000000001,12.749,28.227,17.191,8.033,38.435,10.254,8.947000000000003,6.624,24.504,46.159,35.026,6.938,21.906,6.1629999999999985,8.061,8.503,3.916,46.995,7.758999999999999,24.534,46.154,34.584,17.285,12.601,39.267,26.753,25.353,4.39,7.9529999999999985,7.445,3.374,10.535,0.0,12.581,19.478,11.595999999999998,17.957,33.29,35.095,4.638,16.459,12.265,39.276,38.852,7.59,29.318,42.747,6.044,11.094,43.839,36.989,8.789,8.137,26.653,11.175,27.289,16.884,25.463,31.89
pc_075,5.132999999999999,7.114,5.7639999999999985,42.89100000000001,35.87,10.752,4.9460000000000015,10.196,18.43,46.907,4.664,39.814,6.384,6.1160000000000005,44.13800000000001,6.126,26.59,38.521,30.41,20.563,5.45,4.734,18.542,22.269,5.902,17.006,5.847,38.791,34.931,12.541,38.422,16.072,33.128,28.974,31.261,11.345999999999998,63.56800000000001,7.6960000000000015,18.862,30.908,46.202,5.814,1.3019999999999998,19.638,16.122,17.232,43.786,3.4730000000000003,4.227,7.416,12.592,32.703,23.114,7.192,11.36,15.876,4.002,4.4430000000000005,6.807,33.539,6.065,37.085,32.698,39.936,5.839,1.354,34.38,38.439,24.284,16.277,8.01,4.697,16.794,6.149,13.341,0.0,6.485,4.814,28.575,21.377,46.782,10.634,29.88,9.564,44.628,44.203,16.789,28.557,29.291,5.1770000000000005,9.636,30.383000000000006,23.533,22.21,7.894,26.695,6.825,28.712,15.815,13.55,37.242
pc_076,3.478,7.317,5.477,30.293000000000006,19.171,15.640999999999998,6.544,16.022000000000002,12.292,41.335,4.171,34.242,1.251,7.125,31.54,3.804,30.742,32.949,19.334,24.715,5.664,2.65,12.404000000000002,18.802,2.612,13.765,2.859,26.193,22.333,15.914,32.849000000000004,9.875,21.669,25.878,28.164,3.3560000000000003,67.079,11.31,12.724,27.812,34.742,5.527,9.086,27.747,9.925,12.841,31.188,2.984,3.719,7.129,12.649,29.607,27.265,6.905,3.486,15.099,3.917,4.537,16.182000000000002,30.443,5.547999999999999,31.513,29.601,27.338,3.568,5.275,29.615,32.867,18.088,15.052,7.037000000000001,5.702000000000001,23.223000000000006,1.969,11.543,6.4510000000000005,0.0,2.915,23.003,25.529,41.21,9.829,28.533,7.037000000000001,32.03,31.605,13.466,16.878,26.194000000000006,6.182,7.108,27.286,20.437,19.114,4.732,14.747,1.692,17.636,9.618,13.608,24.643
pc_077,2.9930000000000003,7.661,5.82,33.846,29.929,15.35,6.622000000000001,13.171,14.953,51.427,3.399,36.902,2.8480000000000003,5.4110000000000005,35.093,3.973,27.891,35.61,21.364,21.864,4.744,1.915,15.064,21.462,3.083,8.757,3.028,29.746,25.886,8.634,35.51,12.536,24.083,24.547,26.833,5.502000000000002,64.22800000000001,9.98,15.385,26.481,37.156,5.871,6.1720000000000015,24.896,12.586,15.502,34.741,1.3530000000000002,2.087,7.472,9.799,28.276,24.414,7.247999999999998,5.516,8.935,3.1460000000000004,3.766,7.89,29.112,5.891,34.174,28.271,30.891,1.022,3.643,29.953000000000007,35.528,20.748,17.713,7.115,5.78,21.392,3.5660000000000003,11.621,6.004,2.949,0.0,25.664,22.678,43.87,15.232,31.194000000000006,6.746,35.582,35.158,9.328,18.907,24.864,6.26,6.817,25.955,19.106,21.774,5.075,16.776,3.289,19.666,12.279000000000002,10.757,28.196
pc_078,20.661,14.84,15.693,22.151,23.251,28.422,23.536,37.042,12.630999999999998,18.417,17.008,11.324000000000002,22.46,16.899,17.128,18.778,53.566,10.031,32.489000000000004,47.539,17.026,19.834,12.743,9.848,18.802,14.104,19.371,17.732,22.991,16.27,9.931,20.643,24.519,42.285,42.206,23.503,87.09100000000002,37.462,13.063,41.854,38.812,15.743,27.683000000000003,43.161,20.693,13.18,17.505,20.718000000000004,20.89,14.272,35.47400000000001,53.982,50.09,16.679000000000002,25.408,15.455,17.987000000000005,19.019,16.538,45.313,16.345,8.595,43.054,18.683,21.302,27.535,42.769,9.949,21.366,13.325,22.886,17.625,14.89,19.333,17.906,27.515,22.98,25.607,0.0,48.353,18.291,19.902,5.615,15.767,17.198,17.691,13.805,32.82,42.601000000000006,18.653,14.595999999999998,41.328,44.812,10.16,16.724,30.156,22.255,30.791,20.386,36.433,19.163
pc_079,24.965,33.117,27.793000000000006,44.812,37.79,31.11,29.018,11.16,38.314,62.392,25.371,57.678,24.043000000000006,27.383000000000006,46.058,25.945,6.313,56.386,32.33,2.655,26.716,23.887,38.425,44.823,25.055,37.364,25.0,40.711,36.851,32.899,56.286,33.745,35.049,22.707,24.994,23.102,44.721,17.622,38.746,24.641,36.49800000000001,27.843000000000004,21.526,11.079,31.602,38.863,45.706,23.325,24.059,29.444000000000006,16.015,14.883,4.053,29.22,22.084,36.234,25.118,25.738000000000003,32.611999999999995,27.273000000000003,27.863000000000003,57.894,26.431,41.856,22.755,21.946,28.113000000000003,56.304,38.903,36.635,28.368,31.372,37.152,24.762,33.699,21.358,25.589,22.779,49.025,0.0,64.646,30.992,57.173,31.631,46.548,46.12300000000001,37.147,22.657,23.024,29.879,31.703000000000007,24.116,9.19,42.56800000000001,27.047,21.339,24.484,30.632,31.294,16.973,39.162
pc_080,38.879,33.058,33.91,21.938,30.943,46.639,41.754,55.216,30.848000000000006,1.0659999999999998,35.225,7.732,40.677,35.116,19.657,36.995,69.936,8.783,41.362,63.909,35.244,38.051,30.96,28.065,37.019,32.321,37.588,25.424,30.683000000000003,34.486999999999995,9.061,36.833,32.211,66.623,55.438,41.72,106.273,53.832,31.281,55.224,46.504,33.961,45.9,61.378,38.91,31.398000000000003,20.034,38.935,39.108,32.489000000000004,51.844,70.352,66.459,34.896,48.654,33.672,36.205,37.237,34.755,55.798,34.563,12.74,70.347,24.591,39.519,45.752,53.254,8.897,29.058000000000003,31.543000000000006,41.104,35.842,32.317,37.551,35.333,45.732,41.197,43.824,18.303,64.723,0.0,38.119,18.713,33.984,19.727,20.22,32.023,44.56100000000001,66.94,36.87,32.813,55.527,61.182,28.377,34.941,48.37300000000001,40.473,42.53100000000001,38.603,52.802,26.855
pc_081,7.245,4.075,5.455,37.989,26.886,8.222000000000001,5.914,19.42,7.329,38.181,5.705,31.088,14.943,6.0920000000000005,39.236,7.505,35.814,29.795,39.634,29.787,6.4910000000000005,8.007,6.9,13.371,8.713,6.349,7.609,33.888000000000005,30.029,3.675,29.695,17.589000000000002,42.353,39.742,42.028,20.104,69.469,16.454,7.391,41.676,55.426,5.556,10.06,25.539,17.64,7.721,38.884,12.032,7.24,5.558,21.816,43.471,32.338,5.872000000000001,29.388,5.5939999999999985,6.355,6.796,3.57,44.307,6.693,28.359,43.465,35.033,14.597,9.913,45.148,29.713,25.802,7.527,5.2639999999999985,5.739,7.895,8.961,4.657,9.893,15.044,13.373,19.849,30.601,38.055,0.0,20.981,9.122,39.725,39.3,7.278,37.781,40.058,3.968,11.543,41.15,34.301,13.311,7.0710000000000015,35.91900000000001,10.109,37.936,17.333,22.775,32.339
pc_082,26.26,17.660999999999994,21.292,22.496,23.596,26.701,25.202,38.707,18.23,18.762,22.607,11.668,28.059,19.72,17.472,24.377,55.102,10.376,38.088,49.075,22.625,25.433000000000003,18.341,8.746,24.401,19.703,24.97,18.077,23.336,16.843,10.276,26.242,24.864,47.883,47.805,29.102,88.756,35.741,18.662,47.453,39.157,21.342,29.348000000000006,44.826,26.292,18.779,17.849,26.317,26.489,19.871,44.497,63.005,51.625,19.5,31.007,16.028,21.244,21.685,17.111,50.912,21.944000000000006,8.074,48.653,19.027,26.9,29.201,48.368,10.294,21.711,13.702,24.552,20.627,13.604,24.932,16.62,29.18,28.579,31.206,5.684,49.889,18.636,21.123,0.0,21.366,17.542,18.035,16.941,38.419,48.2,19.227,20.195,46.927,53.835,9.342,22.323,35.754,27.854,36.39,25.985,45.455,19.508
pc_083,5.7810000000000015,5.211,3.37,28.973000000000006,17.851,20.857,6.523,18.82,5.083,34.126999999999995,4.685,27.033,5.297999999999999,5.018,30.22,3.898,33.54,25.741,20.401,27.513,4.704,4.954,5.195,11.593,3.921,6.556,4.49,24.873,21.013,8.706,25.641,8.555,20.349,30.196,30.119,7.426,69.877,15.629,5.516,29.766,33.423,3.4210000000000003,9.84,35.596,8.605,5.632999999999999,29.868,5.8370000000000015,6.01,5.022,15.448,33.925,30.063,4.798,9.331,7.891,6.221,6.84,8.974,33.225,3.5810000000000004,24.305,33.92,26.018,6.421,8.128,30.682,25.659,16.768,7.8439999999999985,15.322,5.3020000000000005,16.014,4.453,10.011,9.304,6.903,6.347,15.795,28.327,34.001,8.799,21.325,0.0,30.71,30.285,6.257999999999999,20.732,30.513,6.1610000000000005,1.171,29.241,24.755,11.905,4.0,18.068,5.093,18.703,8.298,16.406,23.323
pc_084,35.311,34.805,32.222,8.136000000000001,12.849,48.369,43.484,37.12300000000001,32.595,17.425,33.537,12.711,31.602,33.87,1.192,32.749,51.842,11.418,23.268,45.815,33.555,34.484,32.707,26.796,32.772,34.068000000000005,33.342,7.33,12.589,36.217,11.318,18.739,14.117,48.529,37.344,31.579,88.18,35.738,33.028,37.13,28.41,32.272,45.256,48.848,19.199,33.145,0.8370000000000001,39.842,40.577,34.236,33.75,52.258,48.36600000000001,33.649,30.561,35.402,35.751,36.371,36.485,37.704,32.433,12.927,52.253,8.281,39.272,42.133,35.161,11.336,10.964,30.274,42.834,34.153,31.048,33.803000000000004,34.064,45.088,32.122,39.297,17.034000000000002,46.629,19.679,39.849,17.444000000000006,31.081,0.0,1.197,33.77,26.467,48.846,38.6,31.152,37.434,43.088,27.108,32.851,32.745,31.397,24.438,19.343,34.709,8.761000000000001
pc_085,34.886,34.38,31.797,7.711,12.425,47.944,43.059,36.698,32.17,17.971,33.111999999999995,13.257,31.177,33.445,1.537,32.324,51.418,11.964,22.843000000000004,45.39,33.13,34.059,32.282,27.342,32.348,33.643,32.917,6.9060000000000015,12.165,35.793,11.864,18.314,13.693,48.105,36.919,31.154,87.755,35.314,32.603,36.705,27.985,31.847,44.831,48.423,18.774,32.72,1.239,39.417,40.152,33.811,33.325,51.834,47.941,33.225,30.136,34.978,35.326,35.946,36.061,37.279,32.008,13.473,51.828,7.856,38.847,41.708,34.736,11.882,10.539,30.82,42.409,33.729,31.594,33.378,34.61,44.663,31.697,38.872,17.58,46.20399999999999,20.225,39.424,17.99,30.656,1.197,0.0,33.345,26.042,48.42100000000001,38.176,30.728,37.009,42.664,27.654,32.426,32.32,30.972,24.013,18.918,34.284,8.336
pc_086,6.7029999999999985,2.979,3.832,32.053000000000004,20.95,16.209,11.323,24.829,2.215,32.119,5.147,25.026,8.105,5.038,33.3,6.0779999999999985,41.223,23.733,23.499,35.196,5.165,7.761,1.786,9.586,6.728,1.154,6.443,27.952,24.093000000000004,3.65,23.633000000000006,11.653,23.448,33.295,33.217,14.514,74.878,21.863000000000003,1.311,32.865,36.521,3.882,15.47,30.948,11.704,0.594,32.948,8.645,6.699,2.411,27.225,44.993,37.747,4.8180000000000005,16.419,1.909,6.126,7.158,3.918,36.324,4.484,22.297,34.065,29.097,9.228,15.322,33.78,23.651,19.866,4.048,10.673,5.7639999999999985,11.366,7.26,7.853,15.302,13.991,9.155,13.787,36.01,31.993,7.282,19.317,6.778,33.789,33.364000000000004,0.0,23.831,33.611999999999995,6.033,5.607,32.339,35.823,9.898,4.863,21.166,7.9,21.801,11.397,28.184,26.403
pc_087,20.086,24.727,22.109,26.142,16.847,38.338,36.246,20.62,22.517,42.285,25.387,37.571,17.859,23.757,25.951,22.636,25.019,36.278,5.64,19.672,23.442,19.259,22.629,29.027,19.221,23.99,19.468,20.604,15.278,26.139,36.178,17.948,14.314,11.396,11.318,14.409,71.67699999999998,19.236,22.95,10.966,17.97,22.159,28.753,32.345,15.805,23.067,25.599,23.34,24.075,24.158,17.248,22.122,31.864,23.537,13.392,25.324,25.133000000000006,25.753,26.407,15.961,22.32,37.787,12.166,21.749,22.77,25.631,12.5,36.196,23.059,25.278,35.596,27.767,33.448,18.578,29.758000000000006,28.586,16.897000000000002,18.896,33.229,30.127,44.539,38.22,38.759,20.968000000000004,26.441,26.016,23.692,0.0,11.713,37.107,21.04,10.44,12.952,29.339,22.738000000000003,2.997,21.284,3.79,15.498,18.207,19.054
pc_088,27.223000000000006,34.567,30.051,47.099,40.078,39.007,36.915,21.289,32.357,64.68,27.629,59.966,26.301,29.641,48.346,28.203000000000007,21.02,58.673,15.39,16.614,28.974,26.145,32.469,38.867,27.313,33.83,27.258000000000006,42.999,39.139,40.796,58.573,27.788,26.063,0.7879999999999999,2.681,25.389,73.95100000000002,21.479,32.79,2.329,16.625,30.101,29.524,33.014,25.645,32.907,47.994,25.583,26.317,33.998000000000005,16.744,14.988,25.963,31.478,24.372,35.164,27.376,27.996,40.508,5.562,30.121,60.182,4.721,44.144,25.013,27.873,5.8,58.591,32.946,35.117,36.265,30.01,45.049,27.02,41.595,29.356,26.402,25.037,43.069,23.367,66.934,38.88800000000001,48.598,30.808000000000003,48.83600000000001,48.411,33.532,11.762,0.0,37.775,30.88,1.803,9.894,39.179,29.305,12.495,26.742,14.154000000000002,25.338,18.2,41.449
pc_089,3.5860000000000003,2.617,3.147,36.729,25.626,8.139,1.018,18.381,5.871,35.775,2.047,28.681,6.084,3.499,37.976,3.847,34.776,27.389,38.595,28.749,2.833,4.349,5.442,11.424,5.055,5.029,3.951,32.628,28.768,3.054,27.289,16.329,28.124,38.703,40.989,9.253,68.43,15.415,5.932,40.637,41.197,3.197,9.022,24.5,16.38,5.245,37.62300000000001,4.89,3.582,4.099,20.777,42.432,31.299,4.413,9.383,4.334,2.697,3.138,2.31,43.268,3.448,25.953000000000007,42.427,33.773,6.305,3.978,44.109,27.307,24.542,6.267,1.511,2.08,14.3,5.303,6.041,8.854,6.185,6.232,17.442999999999998,29.562,35.649,3.97,19.201,6.421,38.465,38.04,6.018,36.742,39.02,0.0,6.4929999999999986,40.111,33.262,11.364,4.221,34.88,6.526,36.897,16.073,21.736,31.079
pc_090,6.066,6.122000000000001,3.655,29.258000000000006,18.136,19.686,14.800999999999998,28.306,3.912,32.956,4.97,25.862,5.582999999999998,5.303,30.505,4.182,33.825,24.569000000000006,20.686,27.798,4.988,5.238,4.024,10.422,4.206,5.385,4.775,25.158,21.298,7.534,24.47,8.84,20.634,30.481,30.403,7.711,78.355,15.913,4.345,30.051,33.707,3.705,18.947,34.425,8.89,4.462,30.153,6.122000000000001,6.295,5.553,15.732,34.21,30.348000000000006,5.083,9.616,6.7189999999999985,6.505,7.125,7.802,33.51,3.866,23.134,34.204,26.302,6.706,8.413,30.966,24.488000000000003,17.052,6.672999999999999,14.151,5.5870000000000015,14.843,4.737,11.153,18.779,7.188,6.6320000000000014,14.624,28.611,32.83,11.166,20.153,1.171,30.994,30.57,5.087,21.017,30.797,15.661,0.0,29.525,25.04,10.734000000000002,4.284,18.353,5.377999999999999,18.988,8.583,16.691,23.608
pc_091,28.268,33.203,31.096,48.144,27.795,40.052,37.96,22.335,30.994,65.725,28.675,61.011,27.346,30.686,49.39100000000001,29.249,19.884,59.718,14.553,21.115,30.02,27.191,31.105,37.503,28.358,32.467,28.304,44.044,26.226,34.616,59.619,26.424,25.263,2.117,1.703,26.435,74.997,22.524,31.426,1.492,15.789,31.146,30.569000000000006,34.059,24.281,31.543000000000006,49.039,26.628,27.363000000000003,32.634,17.789,13.852,27.009,32.524,25.417,33.801,28.421,29.041,34.884,3.32,31.167,61.227,2.012,45.18899999999999,26.058000000000003,28.919,4.964,59.637,31.582,33.754,37.31,31.055,46.094,28.065,42.64100000000001,30.401,27.447,26.083,41.705,24.412,67.979,39.934,47.235,29.444000000000006,49.881,49.456,32.168,10.398,1.329,38.821,29.516,0.0,14.395,37.815,30.35,11.130999999999998,27.788,14.61,23.974,19.245,42.495
pc_092,21.407,26.075,24.235,41.283,34.262,33.191,31.099,15.473,34.785,58.864,21.813,54.15,20.485,23.825,42.53,22.387,12.067,52.857,18.087,6.72,23.159,20.33,34.897,41.295,21.497,36.258,21.443,37.183,33.323,34.98,52.758,30.216,31.52,9.579,15.292,19.574,68.135,15.663,35.218,14.939,26.796,24.285,23.708,17.134,28.073,35.335,42.178,19.767,20.502,25.886,10.928,9.17,11.589,25.662,18.556,38.315,21.56,22.18,34.693000000000005,14.144,24.305,54.36600000000001,13.303,38.328,19.197,22.058000000000003,18.411,52.776,35.374,37.546,30.449,24.194000000000006,39.233,21.204,35.78,23.54,20.586,19.222,45.497,8.993,61.118,33.073,53.645,25.16,43.02,42.595,35.96,12.955,9.896,31.959,25.232,14.414,0.0,41.607,23.489,11.637,20.927,16.237000000000002,27.766,12.384,35.633
pc_093,16.828,9.824,11.86,32.27,26.106,18.864,17.365,30.87,8.798,28.536,13.175,21.442,18.627,11.883,27.246,14.945,47.265,20.15,28.656,41.238,13.193,16.000999999999998,8.91,1.096,14.969,10.271,15.538,27.851,29.249,9.006,20.05,16.81,28.604,38.452,38.37300000000001,19.67,80.919,27.904,9.23,38.021,41.677,11.91,21.511,36.989,16.86,9.347,27.624,16.885,17.057000000000002,10.439,31.641,50.149,43.788,11.662,21.575,8.191,13.406,13.848,9.274,41.48,12.512,18.714,39.221,28.801,17.469,21.363000000000003,38.936,20.068,25.022,5.865,16.715,12.79,5.767,15.5,8.783,21.343000000000004,19.147,21.774,10.204,42.052,28.41,13.286,9.342,11.934,27.317,27.81,9.104,28.987,38.768,11.389,10.763,37.495,40.979,0.0,12.890999999999998,26.322,18.422,26.958,16.553,32.6,31.559
pc_094,4.517,3.377,1.537,30.974,19.853,13.237,4.69,17.555999999999994,5.316,35.22,2.852,28.126,4.034,3.185,32.221,2.006,32.276,26.833,22.402,26.249,2.87,3.69,4.886,12.686,2.657,4.474,2.56,26.874,23.014,4.928,26.734,10.556,22.351,28.932,31.218000000000004,8.297,68.613,14.365,5.377000000000002,30.866,35.424,1.587,8.576,26.116,10.607,4.689,31.869,4.573,4.746,3.189,14.184,32.661,28.799,2.965,8.427,4.652,3.831,4.863,4.383,33.497,1.608,25.398000000000003,32.656,28.019,5.157,6.864,32.683,26.752,18.769,7.73,5.183,3.469,11.416,3.189,8.177999999999999,8.04,4.767,5.083,16.887999999999998,27.063,35.094,6.965,22.418000000000006,4.214,32.711,32.286,5.045,22.734,29.249,4.328,4.285,30.34,23.491,12.998,0.0,20.069000000000006,3.829,20.704,10.3,15.142,25.325
pc_095,17.955,22.072,19.454,30.577,19.13,36.476,34.384,18.758,19.862,48.158,23.524,43.444,15.728,21.102,31.824,19.981,23.701,42.151,7.456,18.354,20.787,22.041,19.974,26.372,17.09,21.335,17.337,26.477,22.617,23.485,42.051,15.293,16.597,12.129,12.050999999999998,12.279000000000002,69.815,17.374000000000002,20.295,11.699000000000002,20.806,19.504,26.891,30.483,13.15,20.412,31.472,21.478,22.212,21.503,15.386,20.804,30.001,20.882,11.261,22.67,23.271,23.891,23.753,16.694000000000006,19.665,43.66,12.899,27.621,20.908,23.769,15.336,42.069,20.451,22.623,33.734,25.905,30.793000000000006,16.447,27.103,26.723000000000006,14.765999999999998,16.765,30.574,28.265,50.411,36.358,36.104,18.313,32.313,31.889,21.037,2.997,12.446,35.244,18.385,11.173,11.634,26.684,20.083,0.0,18.629,5.606,12.843,16.344,24.927
pc_096,3.829,6.419,4.579,29.582,18.46,15.992,6.895,14.853,11.581,40.624,4.522,33.531,0.969,6.226,30.829,3.731,29.573,32.238,21.01,23.546,5.912000000000001,3.002,11.693,18.091,2.963,7.515,3.21,25.482,21.622,7.9689999999999985,32.138000000000005,9.164,20.958,26.229,28.515,4.771,65.91,11.662,12.013,28.163,34.031,4.629,9.438,26.578000000000007,9.214,12.13,30.477,3.3360000000000003,4.07,6.23,11.481,29.958,26.096,6.006,4.901,7.693,4.269,4.888,7.423999999999999,30.794,4.649,30.802,29.953000000000007,26.626,3.919,5.626,31.635,32.156,17.377,14.341,7.388,6.053,22.512,2.32,11.219,6.8020000000000005,1.703,3.266,22.292,24.36,40.49800000000001,10.007,27.822,5.504,31.318,30.894,12.755,18.293,26.546,6.533,5.575,27.637,20.788,18.403,3.833,16.162,0.0,19.312,8.907,12.439,23.932
pc_097,20.995,22.698,20.08,24.113000000000003,14.818,38.579,31.377,20.862,20.488000000000003,40.256,25.628,35.541,18.767,21.728,23.922,20.607,35.582,34.249,3.611,29.555,21.413,24.144,20.6,26.998,20.631,21.961,20.376,18.575,13.249,24.11,34.149,15.919,12.285,13.789,14.539,15.318,71.919,19.478,20.92,14.325,17.139,20.13,28.995,32.587,13.776,21.038,23.57,23.582,24.316,22.129,17.489,25.405,32.105,21.508000000000006,14.3,23.295,25.375,25.995,24.378,14.899,20.291,35.758,16.159000000000002,19.719,23.011,25.872,12.355,34.167,21.029,23.248,30.727,22.012,31.419,19.486,27.729,28.827,17.805,23.036,31.2,30.368,42.50899999999999,38.461,36.729,18.939,24.411,23.987,21.663,3.79,14.105,37.348,19.011,14.628,16.235,27.31,20.709,5.606,19.255,0.0,13.469,18.448,17.025
pc_098,12.765,12.293,9.675,18.82,9.901,25.857,20.972,21.525,10.083,35.106,10.99,30.392,9.055,11.323,18.773,10.202,36.244,29.1,15.184,30.217,11.008,11.937,10.195,16.593,10.226,11.556,10.795,14.72,19.696,13.705,29.0,2.201,13.099,24.963,24.884,10.098,72.582,20.14,10.515999999999998,24.532,26.172,9.725,25.118,33.249,0.307,10.633,18.42,12.271,13.005999999999998,11.724,18.152,36.66,32.768,11.103,12.003,12.89,13.204,13.824000000000002,13.973,29.62,9.886,29.305,25.732,15.865,12.855,14.562,27.076,29.018,8.817,12.844,20.322,11.607,21.014,11.255999999999998,17.324,24.95,9.575,12.202,20.795,31.031,37.36,17.337,26.325,8.533999999999999,19.262,18.837,11.258,15.498,25.279,21.832,8.606,24.007,27.49,16.905,10.304,12.834,8.85,13.469,0.0,19.111,15.145
pc_099,13.031,25.237,15.859000000000002,32.878,25.857,23.229,21.137,5.5120000000000005,26.38,50.458,13.437,45.744,12.109000000000002,15.449000000000002,34.125,14.011,19.993,44.452,20.396,13.966,14.783,11.953,26.492,32.89,13.121,27.853,13.067,28.777,24.917,25.019,44.352,21.811,23.115,17.698,19.984,11.168,56.33,5.952000000000001,26.812,19.632,31.489,15.909,13.645,17.237000000000002,19.668,26.929,33.772,11.390999999999998,12.125,17.51,1.327,21.427,16.516,17.285999999999998,10.15,28.353,13.184,13.804,24.731,22.263,15.929,45.96100000000001,21.421,29.922,10.821,14.065,23.104,44.37,26.969,28.755,20.487,15.818,29.271,12.828,25.818,13.477,13.655,10.845,37.091,14.78,52.712,23.111,45.239,19.697,34.614000000000004,34.189,27.554,18.543,18.014,21.998,19.769,19.106,12.257,33.202,15.113,16.680999999999994,12.55,18.698,19.36,0.0,27.228
pc_100,27.869,27.363000000000003,24.78,5.641,5.407,40.927,36.042,29.681,25.153,24.696,26.094,19.982,24.16,26.428,8.362,25.307,44.4,18.689,15.826,38.37300000000001,26.113000000000003,27.042,25.265,28.829,25.33,26.626,25.9,1.541,5.147,28.775,18.59,14.556,6.675,41.087,29.902,24.136,80.738,28.296,25.585,29.688,20.968000000000004,24.83,37.814,41.405,15.015999999999998,25.703000000000007,8.01,32.4,33.135,26.794,26.308000000000003,44.816,40.924,26.207,23.119,27.96,28.309,28.929,29.043000000000006,30.262,24.99,20.198,44.81100000000001,2.6860000000000004,31.83,34.691,27.718000000000004,18.608,6.7810000000000015,27.913,35.392,26.711,36.084,26.361,32.394,37.646,24.68,31.855,19.067,39.187,26.95,32.407,19.477,23.639,8.852,8.427,26.328000000000007,19.025,41.404,31.158,23.71,29.992,35.646,29.141,25.409,25.303,23.955,16.996,15.161,27.267,0.0
